lat,lng,distrito,precio_usd,area_m2,dormitorios,banos,antiguedad_anios
-12.098346366449755,-77.03896262222898,San Isidro,2000,210,3,2,12
-12.1321037,-77.0187147,Barranco,650,60,1,1,3
-12.0995776,-77.0401944,San Isidro,2000,210,3,2,12
-12.12747,-77.0357059,Miraflores,6500,440,4,4,7
-12.128018383528747,-77.03400699641531,Miraflores,1000,115,2,2,8
-12.0820122,-77.1034293,San Miguel,490,50,1,1,7
-12.1113551,-77.0409461,Miraflores,2000,187,3,3,6
-12.13478247345102,-77.02302281163941,Miraflores,1100,100,3,2,8
-12.112302011855038,-77.05031190573385,Miraflores,2000,153,3,2,7
-12.108184208195045,-77.03785950475464,Miraflores,2800,255,3,2,1
-12.1080603,-77.0379086,Miraflores,1300,136,1,1,1
-12.1079869,-77.03234029999999,Miraflores,1700,163,3,2,3
-12.099362923247718,-77.04360599140166,San Isidro,2500,213,3,3,13
-12.0937674,-77.0367772,San Isidro,1100,147,3,2,23
-12.0922754,-77.0352289,San Isidro,1850,140,3,2,5
-12.094803737997175,-77.03554373907164,San Isidro,1350,140,3,2,15
-12.1080603,-77.0379086,Miraflores,1600,120,3,2,5
-12.121629989626513,-77.04219268664701,Miraflores,2300,190,3,2,15
-12.083290912686012,-76.96770338247357,La Molina,2900,230,3,4,4
-12.1128098,-77.0499044,Miraflores,2900,180,3,3,6
-12.10083271469956,-77.05386614355128,San Isidro,5500,617,4,3,5
-12.096818047978791,-77.04442102758345,San Isidro,2100,200,3,3,14
-12.1353995,-77.027611,Miraflores,2200,210,3,2,20
-12.0926509,-77.0809157,San Miguel,595,50,1,1,10
-12.1330598,-77.0263293,Miraflores,1500,120,2,2,2
-12.1247619,-77.0222359,Miraflores,900,74,1,1,4
-12.1368989,-77.0269086,Miraflores,2500,200,3,3,2
-12.1212598,-77.0285042,Miraflores,957,88,2,2,1
-12.1098874,-76.9803419,Santiago de Surco,1250,160,3,2,20
-12.1240572,-77.035991,Miraflores,1050,126,2,2,5
-12.0936396,-77.0299098,San Isidro,1200,80,2,2,5
-12.1086162,-77.0376711,Miraflores,1200,136,1,1,6
-12.1368989,-77.0269086,Miraflores,4300,436,3,3,10
-12.068581,-76.9420797,Ate,232,24,2,1,12
-12.1289371,-77.01574470000001,Miraflores,700,75,2,1,25
-12.1327084,-77.0293873,Miraflores,2261,210,3,3,9
-12.1128098,-77.0499044,Miraflores,1600,120,2,2,7
-12.1353995,-77.027611,Miraflores,2300,250,3,2,15
-12.102371646872786,-77.03283925026244,San Isidro,3300,277,4,4,6
-12.0990655,-77.0527398,San Isidro,2500,281,4,3,20
-12.1337057,-77.028807,Miraflores,2150,220,3,3,8
-12.124780408319868,-77.02860714683531,Miraflores,1700,200,3,2,50
-12.0938354,-77.0508171,San Isidro,1600,180,2,2,5
-12.0936396,-77.0299098,San Isidro,2000,211,3,2,9
-12.1197379,-77.0435356,Miraflores,1200,146,5,5,10
-12.1253816,-77.0239003,Miraflores,1246,128,2,4,7
-12.098604083144595,-77.03541851957397,San Isidro,1500,150,2,2,35
-12.0942517,-77.0401925,San Isidro,1600,205,3,3,30
-12.0981788,-77.0552299,San Isidro,750,55,1,1,10
-12.0981788,-77.0552299,San Isidro,1100,117,2,2,16
-12.12747,-77.0357059,Miraflores,2700,316,3,1,17
-12.130702722600024,-77.02051385991899,Miraflores,1200,90,3,2,8
-12.1308384,-77.0319481,Miraflores,4700,225,3,2,2
-12.145991694644994,-76.99364247427445,Santiago de Surco,670,102,3,2,3
-12.1337057,-77.028807,Miraflores,2000,154,3,3,35
-12.1356395,-76.9838385,Santiago de Surco,2300,280,8,6,30
-11.9568924,-77.0621353,Comas,350,160,3,2,10
-12.1218662,-77.0256611,Miraflores,850,80,2,2,3
-12.0764283,-77.07402189999999,Pueblo Libre,660,74,2,2,10
-12.1220426,-77.0256557,Miraflores,850,80,2,2,3
-12.0772273,-77.0469229,Jesus Maria,667,70,2,2,2
-12.093608277944972,-77.03949877044205,San Isidro,700,52,1,1,14
-12.12425723940994,-77.02600310000003,Miraflores,1100,71,2,2,1
-12.107958,-77.0323009,Miraflores,1050,81,2,2,5
-12.1298985,-77.0332154,Miraflores,1100,125,3,2,9
-12.1296962,-77.0224961,Miraflores,1200,130,2,3,50
-12.0647645,-77.0389234,Cercado de Lima,850,85,3,2,1
-12.0898031,-77.0283926,San Isidro,850,70,2,2,3
-12.0694256,-77.0445279,Jesus Maria,616,65,2,1,8
-12.0700592,-77.0439652,Jesus Maria,667,65,2,1,8
-12.095232,-77.047177,San Isidro,1800,160,3,2,8
-12.12503139221509,-77.03652638836058,Miraflores,1450,220,3,4,8
-12.1188617,-77.0342053,Miraflores,1188,82,2,2,8
-12.1199579,-77.0443306,Miraflores,3500,200,3,3,3
-12.1234566,-77.0366055,Miraflores,850,86,3,2,15
-12.1227258,-77.0159186,Miraflores,1000,80,2,2,8
-12.1213356,-77.0422701,Miraflores,2100,210,3,2,15
-12.1365525,-77.0264005,Miraflores,2000,131,2,2,7
-12.127623,-77.0281011,Miraflores,1350,145,2,3,20
-12.1439937,-77.0245734,Barranco,5500,470,4,4,15
-12.1228776,-77.0400125,Miraflores,3500,210,3,3,12
-12.1288461,-77.0270043,Miraflores,1200,103,2,2,3
-12.0887922,-76.9929657,San Borja,464,50,1,1,15
-12.1195574,-77.0437247,Miraflores,3300,225,3,3,7
-12.1128098,-77.0499044,Miraflores,4000,240,3,3,4
-12.1128098,-77.0499044,Miraflores,2150,188,3,3,8
-12.0948068,-77.0374104,San Isidro,780,60,1,1,20
-12.3416667,-76.8252778,Punta Hermosa,3297,125,3,2,3
-12.12747,-77.0357059,Miraflores,4000,340,4,5,15
-12.1218181,-77.0051418,Surquillo,261,39,1,1,10
-12.0946479,-77.0240633,San Isidro,800,65,2,2,3
-12.0936396,-77.0299098,San Isidro,1800,210,3,3,8
-12.12747,-77.0357059,Miraflores,3300,240,4,3,7
-12.0843543,-77.0324773,Lince,725,65,2,2,5
-12.1488627,-77.0217823,Barranco,650,46,1,2,9
-12.1504133,-77.0203154,Barranco,900,85,1,1,14
-12.0749333,-77.0507088,Jesus Maria,551,39,1,1,7
-12.0677882,-76.9409153,Ate,319,30,2,1,3
-12.1405385,-77.0241077,Barranco,920,65,2,2,3
-12.1095703,-77.0315462,Miraflores,600,45,1,1,5
-12.0981667,-77.0388171,San Isidro,2400,216,3,4,5
-12.0996082,-77.0400641,San Isidro,2200,210,3,2,9
-12.136986,-77.0040162,Santiago de Surco,500,80,3,1,20
-12.128468587228756,-77.03419109695892,Miraflores,1250,111,2,2,19
-12.1362116,-77.0266046,Miraflores,1700,129,3,2,17
-12.1337848,-77.0189891,Barranco,1045,88,3,2,5
-12.1291512,-77.0234315,Miraflores,680,70,1,1,8
-12.1366941,-77.0224643,Barranco,700,40,1,1,2
-12.1008025,-77.061536,Magdalena del Mar,464,50,1,1,5
-12.13737278795826,-77.02239544232788,Barranco,550,52,1,1,2
-12.0836794,-77.0672463,Pueblo Libre,700,77,3,2,10
-12.1072381,-77.0370929,Miraflores,1000,125,2,2,10
-12.1276347,-77.0216056,Miraflores,1500,150,2,1,4
-12.1072381,-77.0370929,Miraflores,1200,125,3,3,10
-12.1302499,-77.0212,Miraflores,800,52,1,1,1
-12.119096,-77.0303078,Miraflores,550,50,1,1,5
-12.086112,-77.09494560000002,San Miguel,638,73,3,2,8
-12.1312061,-77.0266479,Miraflores,1300,105,2,2,12
-12.0769521,-77.048365,Jesus Maria,870,66,2,2,4
-12.0905583,-77.0283082,San Isidro,667,47,1,1,2
-12.0973725,-77.057561,Magdalena del Mar,690,50,1,1,14
-12.1183604,-77.0120922,Miraflores,700,65,1,1,35
-12.1405444,-77.02380829999998,Barranco,650,78,1,1,40
-12.1243378,-76.9806444,Santiago de Surco,1750,300,4,4,12
-12.0922754,-77.0352289,San Isidro,1100,81,1,1,8
-12.0989504,-76.9785326,Santiago de Surco,725,104,3,3,8
-12.1309871,-77.0250221,Miraflores,1350,104,3,3,12
-12.1378906,-77.0222333,Barranco,585,35,1,1,4
-12.0948733,-77.05114479999997,San Isidro,1250,110,2,3,7
-12.1021759,-77.0578855,San Isidro,2300,300,4,3,11
-12.1325177,-77.0226925,Miraflores,1400,150,3,2,5
-12.0844706,-77.0124258,La Victoria,435,41,1,1,3
-12.1504133,-77.0203154,Barranco,750,100,3,3,10
-12.112092044705747,-77.0479745217041,Miraflores,2500,350,5,5,12
-12.0826106,-77.10359570000003,San Miguel,493,42,1,1,8
-12.1080603,-77.0379086,Miraflores,1600,150,3,2,6
-12.11432466994561,-77.04677257345503,Miraflores,1500,158,2,3,22
-12.098780656577636,-76.97792349262085,Santiago de Surco,928,100,3,2,18
-12.0735051,-77.0523784,Pueblo Libre,551,41,1,1,2
-12.118309,-77.0166757,Miraflores,667,82,2,2,11
-12.0943726,-77.07782120000002,San Miguel,600,50,1,1,6
-12.0934805,-77.0335641,San Isidro,725,50,1,1,5
-12.0782247,-77.0356511,Cercado de Lima,667,52,2,2,8
-12.0758581,-76.9943951,San Luis,600,65,2,1,15
-12.0928217,-77.0492319,San Isidro,630,53,1,1,19
-12.1125367,-77.0281443,Miraflores,790,70,1,2,1
-12.123849,-77.0329219,Miraflores,1200,115,3,3,8
-12.0957985,-76.9894694,San Borja,1900,180,4,2,2
-12.1319952,-76.9922222,Santiago de Surco,754,80,2,1,13
-12.062008291412443,-77.09218835467836,Bellavista,533,67,3,2,13
-12.0993029,-77.04336420000004,San Isidro,2100,178,3,3,11
-12.0824235,-77.0460148,Jesus Maria,768,90,3,2,5
-12.127623,-77.0281011,Miraflores,900,75,2,1,18
-12.1186627,-77.0338471,Miraflores,1000,80,2,2,9
-12.1208641,-77.0419034,Miraflores,1800,130,3,2,2
-12.0831912,-77.0256087,La Victoria,551,42,1,1,2
-12.1289848,-77.0289135,Miraflores,3900,274,4,5,3
-12.1186627,-77.0338471,Miraflores,1500,107,3,2,8
-12.1602143,-76.9634386,San Juan de Miraflores,348,65,2,1,1
-12.1212244,-77.0224214,Miraflores,551,50,1,1,18
-12.1040345,-77.0314202,Miraflores,510,27,1,1,4
-12.1370737,-77.0225557,Barranco,580,60,2,2,6
-12.0787906,-77.0351187,Cercado de Lima,450,36,1,1,2
-12.1405385,-77.0241077,Barranco,700,47,1,1,8
-12.092178,-77.05012339999999,San Isidro,2490,200,3,3,5
-12.3562961,-76.8045555,Punta Negra,2500,140,4,3,1
-11.9724216,-77.0558366,Comas,278,100,3,2,5
-12.10059972637976,-77.0372539950371,San Isidro,1200,130,2,2,42
-12.1229998,-77.0200062,Miraflores,1100,115,2,2,4
-12.12747,-77.0357059,Miraflores,1600,128,2,2,15
-12.1279495,-77.0297974,Miraflores,900,78,1,1,9
-12.1247619,-77.0222359,Miraflores,890,75,1,1,3
-12.1156844,-77.0123294,Surquillo,730,80,3,2,10
-12.1994808,-77.006311,Chorrillos,464,80,3,2,20
-12.1042563,-77.0516281,San Isidro,1500,150,3,3,23
-12.1414618,-77.02509649999999,Barranco,2500,215,3,2,15
-12.081503,-77.0923099,San Miguel,565,46,1,1,8
-12.0954457,-77.0365496,San Isidro,928,45,1,1,1
-12.1330598,-77.0263293,Miraflores,1900,130,3,2,9
-12.017416,-77.0969799,Callao,435,100,3,2,5
-12.1231667,-77.0212057,Miraflores,1050,84,2,1,8
-12.1436714,-77.00401889999999,Santiago de Surco,420,55,1,1,3
-12.1057485,-77.0284023,Miraflores,600,50,1,1,36
-12.1050964,-77.0208553,Surquillo,536,40,1,1,6
-12.3240329,-76.8344421,Punta Hermosa,600,125,3,3,7
-12.1251229,-77.0339545,Miraflores,1270,150,3,3,3
-12.159110806995892,-77.02418915767213,Chorrillos,1750,189,3,3,14
-12.0996082,-77.0400641,San Isidro,2000,208,3,2,14
-12.1148223,-77.0401207,Miraflores,950,95,2,2,3
-12.0708291,-77.05055589999999,Pueblo Libre,493,45,1,1,7
-12.1504192,-77.0185799,Barranco,590,40,1,1,2
-12.1187169,-77.0180125,Miraflores,700,80,2,2,3
-12.1454342,-77.0065985,Santiago de Surco,590,80,3,2,15
-12.117715,-77.0263858,Miraflores,1200,110,3,2,4
-12.1158981,-77.0331271,Miraflores,900,120,2,2,6
-12.118858359015528,-77.0326600511187,Miraflores,1300,110,3,2,10
-12.1231682,-77.0319569,Miraflores,1500,135,3,2,6
-12.1078188,-77.0130231,Surquillo,1500,164,3,2,26
-12.103256557807038,-77.02904719263748,San Isidro,430,35,1,1,20
-12.122896227485825,-77.03054554759603,Miraflores,600,60,1,1,22
-12.0818117,-77.1038417,San Miguel,696,85,3,2,8
-12.147876578056431,-77.01771687529069,Barranco,600,60,2,1,3
-12.1416088,-76.9918155,Santiago de Surco,1200,233,3,4,9
-12.1353995,-77.027611,Miraflores,3200,280,4,2,20
-12.0842166,-77.0578658,Jesus Maria,783,55,2,2,1
-12.0742877,-77.07878459999999,San Miguel,667,80,3,2,10
-12.1337057,-77.028807,Miraflores,4000,465,3,4,13
-12.1231682,-77.0319569,Miraflores,1100,65,1,1,8
-12.12747,-77.0357059,Miraflores,2300,180,3,2,5
-12.0385625,-76.965992,El Agustino,304,75,2,1,5
-12.09525157017712,-76.99309851852418,San Borja,1400,200,3,2,11
-12.0851279,-76.9617709,La Molina,2200,173,2,2,8
-12.1394891,-77.0231343,Barranco,678,32,1,1,1
-12.115483644065414,-77.03344578467123,Miraflores,2300,200,2,3,8
-12.1848841,-77.0074502,Chorrillos,720,66,2,2,10
-12.1394891,-77.0231343,Barranco,1250,80,1,2,2
-12.1412772,-76.9872517,Santiago de Surco,725,120,3,2,30
-12.1182819,-77.0154352,Miraflores,970,74,3,2,2
-12.0943903,-76.9663763,Santiago de Surco,600,45,1,1,22
-12.0904463,-77.060162,Magdalena del Mar,870,87,3,2,2
-12.09720342004,-77.0321202714722,San Isidro,1026,62,1,1,9
-12.0969854,-77.0320453,San Isidro,762,46,1,1,9
-12.094778,-76.97285169999999,Santiago de Surco,812,112,3,2,10
-12.0888396,-77.0269167,Lince,1300,110,3,2,6
-12.0910696,-77.0584875,Magdalena del Mar,1000,98,3,2,12
-12.09557529056561,-76.97283024232787,Santiago de Surco,814,107,3,2,15
-12.0841783,-77.0627954,Pueblo Libre,493,40,1,1,7
-12.1128098,-77.0499044,Miraflores,2900,330,4,4,8
-12.1115949,-77.0508033,Miraflores,2900,233,4,4,10
-12.1291298,-77.0333814,Miraflores,1780,160,3,2,3
-12.0971766,-77.0321952,San Isidro,800,75,1,1,9
-12.01977,-77.0395819,Rimac,319,55,2,1,4
-12.083020954647097,-77.06243001957398,Pueblo Libre,650,100,2,2,40
-12.1177588,-77.01413749999999,Miraflores,535,45,1,1,1
-12.1215652,-77.011252,Miraflores,800,80,2,3,1
-12.1254334,-77.03698689999999,Miraflores,6500,460,4,4,14
-12.1254297,-77.0369986,Miraflores,3500,220,3,3,14
-12.0896253,-77.0294774,San Isidro,664,74,2,2,7
-12.0943335,-77.01509159999999,San Isidro,1600,240,3,2,30
-12.1187169,-77.0180125,Miraflores,630,97,2,2,15
-12.1222033,-77.0321486,Miraflores,1300,115,2,2,10
-12.107652287979317,-76.96457318761462,Santiago de Surco,750,74,1,2,10
-12.1278267,-77.0205243,Miraflores,1500,120,3,2,10
-12.138852178623626,-77.02230204831847,Barranco,750,40,1,1,2
-12.1337285,-77.019601,Barranco,928,73,2,1,14
-12.084537,-76.9099023,La Molina,850,95,2,2,18
-12.050388,-77.0519143,Cercado de Lima,522,65,3,2,2
-12.1004022,-76.973029,Santiago de Surco,1200,140,2,2,10
-12.087418136797686,-77.02816873558197,Lince,571,50,1,1,19
-12.1188735,-77.0359687,Miraflores,1250,103,3,2,6
-12.1394891,-77.0231343,Barranco,750,48,1,1,2
-12.1188735,-77.0359687,Miraflores,1000,80,2,2,10
-12.0588072,-77.0929683,Bellavista,536,94,2,2,36
-12.1187169,-77.0180125,Miraflores,550,40,1,1,6
-12.0910245,-77.0510196,San Isidro,1202,93,3,2,9
-12.0928638,-77.05878129999996,Magdalena del Mar,750,60,2,2,2
-12.1213522,-77.0336978,Miraflores,1200,134,3,2,3
-12.101357,-76.9410302,La Molina,600,50,2,1,10
-12.17884443143092,-77.00978441271972,Chorrillos,841,220,3,3,14
-12.0932861,-77.0532679,San Isidro,1100,65,2,2,9
-12.1046438,-77.0263772,Miraflores,783,92,3,2,10
-12.1394792,-77.0221394,Barranco,667,42,1,1,4
-12.1288008,-77.0267267,Miraflores,1050,100,3,2,14
-12.1269388,-77.0242301,Miraflores,1035,82,2,2,4
-12.1269388,-77.0242301,Miraflores,1014,81,2,2,4
-12.137675641032883,-77.02127341834637,Barranco,700,40,1,1,4
-12.1353995,-77.027611,Miraflores,2500,167,3,3,20
-12.1186627,-77.0338471,Miraflores,1100,92,2,2,8
-12.119096,-77.0303078,Miraflores,667,72,1,1,15
-12.0896253,-77.0294774,San Isidro,551,45,1,1,3
-12.0766256,-77.0683867,Pueblo Libre,725,80,2,2,8
-12.0954257,-77.0366924,San Isidro,1030,81,1,1,3
-12.0949271,-77.0275671,San Isidro,830,45,1,1,9
-12.1224896,-77.03135019999999,Miraflores,1000,140,3,4,10
-12.1373223,-77.0223959,Barranco,645,42,1,1,5
-12.1798431,-77.0052306,Chorrillos,551,73,3,2,1
-12.1302499,-77.0212,Miraflores,850,60,2,2,10
-12.0853026,-77.0970354,San Miguel,522,41,1,1,10
-12.0998079,-77.0377714,San Isidro,2000,133,2,2,2
-12.0831733,-77.0449158,Jesus Maria,728,60,2,2,6
-12.1160233,-77.03108089999999,Miraflores,650,46,1,1,7
-12.0713026,-77.0578187,Pueblo Libre,623,50,1,1,10
-12.1338491,-76.9782434,Santiago de Surco,830,100,3,2,10
-11.9303924,-77.0357361,Comas,301,74,3,2,7
-12.0886757,-77.0248684,Lince,1350,100,3,2,5
-12.123849,-77.0329219,Miraflores,1000,85,2,2,10
-12.11185356428061,-77.05078665672949,Miraflores,1500,110,2,1,9
-12.026027,-77.0749395,San Martin de Porres,1150,150,2,2,5
-12.0769521,-77.048365,Jesus Maria,899,80,3,2,3
-12.1402795,-77.0229251,Barranco,650,64,1,1,5
-12.0859398,-77.0957501,San Miguel,660,78,3,2,7
-12.1656532,-76.9929593,Chorrillos,493,89,2,2,2
-12.1270783,-77.0267614,Miraflores,1000,78,3,2,10
-12.0850927,-77.0494398,Jesus Maria,580,48,1,1,1
-12.1288008,-77.0267267,Miraflores,470,25,0,1,15
-12.0941641,-77.0590991,Magdalena del Mar,900,130,3,2,6
-12.0979193,-77.0558779,San Isidro,595,40,1,1,1
-12.1131881,-77.038049,Miraflores,2000,160,3,3,10
-12.103731,-77.0591111,San Isidro,652,40,1,1,9
-12.128227825073855,-77.03472767686006,Miraflores,2200,143,2,2,14
-12.0871587,-77.0625537,Magdalena del Mar,667,40,1,1,3
-12.1721362,-76.9710449,San Juan de Miraflores,850,110,2,3,10
-12.1131468,-77.0380373,Miraflores,1500,120,2,2,15
-12.1219632,-77.0215783,Miraflores,824,68,2,1,10
-12.1288008,-77.0267267,Miraflores,938,62,2,2,10
-12.1356514,-77.0229249,Barranco,670,42,1,1,4
-12.0929169,-77.0325545,San Isidro,980,63,2,2,4
-12.0958367,-77.0447285,San Isidro,3000,253,3,2,15
-12.1352106,-77.0255068,Miraflores,1188,85,1,1,9
-12.0915212,-77.0827865,San Miguel,667,49,2,2,3
-12.1148223,-77.0401207,Miraflores,860,105,2,3,3
-12.0946251,-77.0508119,San Isidro,2300,265,3,3,6
-12.0900364,-77.0577696,Jesus Maria,1050,118,2,3,14
-12.1313008,-77.0296323,Miraflores,2500,140,2,8,8
-12.0190245,-77.0614275,San Martin de Porres,290,110,2,1,2
-12.0905376,-77.0081454,San Borja,754,60,2,1,25
-12.0761112,-77.0806206,San Miguel,464,35,0,1,8
-12.0737848,-77.0785487,San Miguel,783,80,3,2,11
-12.126830166048688,-77.03226189734497,Miraflores,986,140,2,3,40
-12.0475081,-77.0545394,Cercado de Lima,551,65,3,2,6
-12.0969854,-77.0320453,San Isidro,802,46,1,1,9
-12.0647645,-77.0389234,Cercado de Lima,754,63,2,2,3
-12.0796933,-76.9603589,La Molina,1900,250,3,3,7
-12.1403067,-77.02209479999999,Barranco,900,56,1,2,5
-12.1083007,-77.041466,Miraflores,1100,105,3,2,40
-12.095595369965388,-77.05049760852887,San Isidro,1400,128,3,2,5
-12.1386437,-77.02504629999999,Barranco,780,54,1,1,1
-12.1666955,-76.991683,Chorrillos,319,50,1,2,3
-12.0443974,-76.9546746,Ate,217,45,1,1,15
-12.0947685079,-77.0596282957,Magdalena del Mar,790,60,2,2,8
-12.1721362,-76.9710449,San Juan de Miraflores,1200,125,2,2,9
-12.1325177,-77.0226925,Miraflores,1450,121,2,2,10
-12.0798558,-77.0820816,San Miguel,522,46,1,1,1
-12.069379,-77.0349,Cercado de Lima,487,56,3,1,7
-12.1022087,-77.0571884,San Isidro,850,100,2,1,10
-12.1237997,-77.0348612,Miraflores,980,85,2,2,11
-12.0905162,-77.0712353,Magdalena del Mar,712,80,3,2,8
-12.1219632,-77.0215783,Miraflores,1100,62,2,2,10
-12.0694256,-77.0445279,Jesus Maria,700,120,3,2,10
-12.0109353,-77.0704112,San Martin de Porres,696,82,3,2,20
-12.0953023,-77.02981,San Isidro,910,46,1,1,9
-12.1099869,-77.0496178,Miraflores,1205,120,3,2,4
-12.1137317,-76.9405179,La Molina,667,130,3,3,10
-12.0761112,-77.0806206,San Miguel,478,40,0,1,8
-12.1477455,-76.9904021,Santiago de Surco,1050,98,3,1,45
-12.0971361,-77.0324766,San Isidro,803,45,1,1,1
-12.1176934,-77.02759420000001,Miraflores,1050,65,2,2,1
-12.3416667,-76.8252778,Punta Hermosa,845,96,3,3,16
-12.1270783,-77.0267614,Miraflores,1000,85,2,2,5
-12.1293354,-77.0335214,Miraflores,1150,135,3,2,2
-12.1158981,-77.0331271,Miraflores,900,82,2,2,15
-12.0946817,-77.0326603,San Isidro,2200,200,2,2,6
-12.1072991,-76.9896811,Santiago de Surco,2900,310,4,5,10
-12.1016231,-77.0380637,San Isidro,2500,200,3,3,10
-12.0883247,-76.9633404,La Molina,4000,582,4,5,9
-12.124164087864768,-77.03773238490295,Miraflores,2200,186,3,2,5
-12.1330598,-77.0263293,Miraflores,2500,215,3,4,9
-12.0997587,-77.0362967,San Isidro,2000,158,2,2,9
-12.0782412,-76.95934129999999,La Molina,3500,400,4,4,6
-12.131285899999998,-76.97804099999999,Santiago de Surco,2000,200,3,2,12
-12.0998079,-77.0377714,San Isidro,3200,180,3,2,12
-12.1411624,-77.0256814,Barranco,2200,362,4,4,12
-12.125127,-77.0337893,Miraflores,2100,230,3,3,9
-12.1113551,-77.0409461,Miraflores,2300,160,3,3,8
-12.0959211,-77.0493116,San Isidro,2500,215,3,3,9
-12.1270985,-77.0255199,Miraflores,2300,160,3,2,5
-12.1117484,-77.0494303,Miraflores,2200,211,2,2,10
-12.0883247,-76.9633404,La Molina,2500,290,3,2,19
-12.108049567438188,-77.04038556085203,Miraflores,1650,175,3,2,30
-12.1292811,-77.0281308,Miraflores,1050,80,1,1,10
-12.1402107,-77.0244897,Barranco,865,84,2,2,2
-12.1225062,-77.0208304,Miraflores,795,53,1,1,10
-12.0929502,-77.0270383,San Isidro,850,75,2,2,2
-12.0907231,-77.0342128,San Isidro,1250,200,3,2,6
-12.1168858,-77.0369478,Miraflores,1304,188,3,2,12
-11.9287541,-77.0558182,Comas,211,50,1,1,1
-11.9287541,-77.0558182,Comas,225,60,2,2,18
-12.0993476,-76.9503362,La Molina,789,140,2,1,10
-12.0966427,-77.0457853,San Isidro,2050,327,3,3,25
-12.0974182,-77.0393885,San Isidro,3000,210,3,3,11
-12.1219632,-77.0215783,Miraflores,843,75,2,2,10
-12.109414774735397,-77.04457554914323,Miraflores,3000,200,3,3,10
-12.0824235,-77.0460148,Jesus Maria,690,58,2,2,1
-12.1288008,-77.0267267,Miraflores,750,80,2,1,20
-12.0827677,-77.0499428,Jesus Maria,705,59,2,2,1
-12.1120968,-77.0351141,Miraflores,2500,215,2,3,4
-12.09702423690486,-77.03215579921196,San Isidro,980,44,1,1,9
-12.1219632,-77.0215783,Miraflores,906,56,1,1,10
-12.1396979,-77.0230081,Barranco,600,55,1,1,2
-11.974649499999998,-77.071456,Los Olivos,314,88,1,1,15
-12.0728372,-77.0869223,San Miguel,522,69,2,1,5
-12.1397041,-77.0227408,Barranco,700,50,1,1,2
-12.0902833,-77.01966929999999,La Victoria,928,74,3,2,1
-12.0282138,-77.0648568,San Martin de Porres,448,80,7,6,34
-12.1210441,-77.0333271,Miraflores,1135,76,2,2,5
-12.0977882,-77.0305164,San Isidro,950,62,2,2,1
-12.1219632,-77.0215783,Miraflores,880,55,2,2,10
-12.1503126,-77.0185111,Barranco,650,50,1,1,2
-12.0886691,-77.0360963,San Isidro,754,67,2,2,1
-12.0966697,-77.0446434,San Isidro,800,90,1,2,10
-12.122800011210169,-77.04004739144055,Miraflores,4000,310,3,4,5
-12.0930875,-77.0687532,Magdalena del Mar,800,82,3,2,4
-12.127623,-77.0281011,Miraflores,1217,135,2,3,4
-12.0808281,-77.0584176,Pueblo Libre,742,72,3,2,10
-12.127623,-77.0281011,Miraflores,1150,135,3,3,5
-12.1394891,-77.0231343,Barranco,900,50,1,1,3
-12.123929565656573,-77.03483532913403,Miraflores,950,200,2,2,15
-12.0263803,-77.0594834,San Martin de Porres,327,70,2,1,10
-12.1502727,-77.0223015,Barranco,2500,309,4,3,20
-12.1337057,-77.028807,Miraflores,1900,180,2,3,25
-12.1098312,-77.0274636,Miraflores,768,52,1,1,10
-12.1229481,-77.040051,Miraflores,6500,320,4,4,4
-12.1302499,-77.0212,Miraflores,812,75,2,1,5
-12.127623,-77.0281011,Miraflores,1100,130,3,3,5
-12.1253816,-77.0239003,Miraflores,1159,180,3,4,4
-12.1251193,-77.0337998,Miraflores,950,105,2,3,4
-12.0839889,-77.0951676,San Miguel,521,61,2,2,5
-12.1301899,-77.025982,Miraflores,890,60,1,1,12
-12.1096688,-77.0489975,Miraflores,754,48,1,1,10
-12.12642895587148,-77.02607653802067,Miraflores,1000,60,1,1,3
-12.131367951503051,-77.00785820926208,Santiago de Surco,1000,100,2,2,40
-12.1222033,-77.0321486,Miraflores,1150,95,2,2,10
-12.1220859,-77.032755,Miraflores,841,80,3,3,12
-12.0772455,-77.0434355,Jesus Maria,3500,400,19,8,50
-12.1190058,-77.036812,Miraflores,1280,81,3,2,10
-12.1302499,-77.0212,Miraflores,980,110,3,3,4
-12.0907231,-77.0342128,San Isidro,1200,125,2,3,5
-12.0918101,-77.0422032,San Isidro,1300,125,2,3,5
-12.1096688,-77.0489975,Miraflores,994,60,2,2,10
-12.3562961,-76.8045555,Punta Negra,545,78,2,1,15
-12.139667811083685,-77.02282653068846,Barranco,650,36,1,1,3
-12.0736412,-77.0944202,San Miguel,551,55,1,1,5
-12.12330731826571,-77.02432907093956,Miraflores,1159,103,2,2,3
-12.1288008,-77.0267267,Miraflores,2000,217,2,3,8
-12.1431257,-76.9651187,San Juan de Miraflores,1014,118,2,2,10
-12.0966601,-76.9817917,Santiago de Surco,1300,130,3,2,14
-12.13567,-77.0260055,Miraflores,3000,258,3,2,10
-12.136879034732912,-77.00825964576572,Santiago de Surco,750,98,3,2,14
-12.1096688,-77.0489975,Miraflores,884,52,1,2,10
-12.0238327,-77.0371675,Rimac,372,90,2,1,4
-12.3380311,-76.8224792,Punta Hermosa,2000,155,3,3,3
-12.1253816,-77.0239003,Miraflores,725,75,2,1,5
-12.1251229,-77.0339545,Miraflores,800,70,2,1,3
-12.0898489,-77.04266129999999,San Isidro,1200,135,2,3,10
-12.0995295,-77.0331757,San Isidro,1000,80,2,1,30
-12.0848737,-77.09813,San Miguel,715,56,2,2,8
-12.0764658,-77.0735103,Pueblo Libre,833,120,3,2,10
-12.12654507322549,-77.03392684603273,Miraflores,950,108,2,3,10
-12.132251697958324,-76.97771630422972,Santiago de Surco,793,108,3,2,10
-12.1231682,-77.0319569,Miraflores,950,108,2,3,10
-12.1246197,-76.9925487,Santiago de Surco,800,80,2,2,10
-12.0964386,-76.9811117,Santiago de Surco,950,123,3,2,10
-12.0902833,-77.01966929999999,La Victoria,1016,76,3,2,2
-12.0983321,-77.0082652,San Borja,1072,138,3,2,11
-12.0957985,-76.9894694,San Borja,964,145,4,3,11
-12.0898249,-77.0660524,Magdalena del Mar,647,44,1,1,8
-12.1274362,-76.9853723,Santiago de Surco,1100,125,3,3,10
-12.0720891,-77.0516917,Pueblo Libre,613,84,3,3,10
-12.078269399999998,-77.0442784,Jesus Maria,509,68,2,1,7
-12.0944335,-77.0470413,San Isidro,1100,149,3,2,9
-12.1219632,-77.0215783,Miraflores,800,56,1,1,10
-12.0968086,-76.9732332,Santiago de Surco,1250,140,3,2,10
-12.1302499,-77.0212,Miraflores,720,41,1,1,10
-12.1394792,-77.0221394,Barranco,638,38,1,1,4
-12.0896253,-77.0294774,San Isidro,638,66,2,2,3
-12.1288304,-77.032184,Miraflores,1300,86,2,2,10
-12.1601317,-76.9868107,Santiago de Surco,486,70,2,2,10
-12.0877624,-77.0433161,San Isidro,725,67,1,1,9
-12.0998079,-77.0377714,San Isidro,1900,134,2,2,1
-12.1712054,-76.9705473,San Juan de Miraflores,1200,150,2,3,5
-12.1337057,-77.028807,Miraflores,4700,280,3,3,2
-12.1245227,-77.0383825,Miraflores,3409,250,3,4,6
-12.0818245,-77.0115601,La Victoria,464,35,1,1,2
-12.12747,-77.0357059,Miraflores,1999,220,3,3,4
-11.9285013,-77.0556665,Comas,232,55,3,1,3
-12.136867,-77.0224193,Barranco,750,37,1,1,4
-12.014744352601006,-77.09124563503043,Callao,310,60,2,1,39
-12.0936983,-76.9925184,San Borja,1550,196,4,4,13
-12.0156846,-77.090559,Callao,309,68,2,1,39
-12.1248451,-77.0370855,Miraflores,3500,240,4,3,15
-12.0957887,-77.0349774,San Isidro,6000,443,7,2,20
-12.0793565,-77.0516804,Jesus Maria,755,95,3,1,15
-12.0667769,-76.9440587,Ate,464,76,2,1,10
-12.0667769,-76.9440587,Ate,348,45,2,1,10
-12.1373855,-77.0223778,Barranco,1300,94,3,2,5
-12.1321037,-77.0187147,Barranco,725,60,2,2,5
-12.1237183,-77.0260402,Miraflores,950,70,2,2,10
-12.096690496602957,-76.92677059776152,La Molina,650,50,2,1,4
-12.1118501,-76.9997622,Surquillo,638,61,2,2,9
-12.0981788,-77.0552299,San Isidro,7000,420,10,8,20
-12.1279138,-77.0260353,Miraflores,957,70,2,2,10
-12.1040345,-77.0314202,Miraflores,867,105,2,3,5
-12.1114454,-77.0345503,Miraflores,2300,200,2,2,5
-11.9606335,-77.0737959,Los Olivos,500,116,3,2,15
-12.0879966,-77.03359710000001,Lince,609,50,1,1,5
-12.1196929,-77.0181125,Miraflores,946,81,3,2,2
-12.1235914,-77.0259787,Miraflores,1783,138,3,3,10
-12.1258432,-77.0237048,Miraflores,1159,90,3,2,10
-12.0796,-77.0280374,Lince,869,100,3,2,2
-12.1245227,-77.0383825,Miraflores,1700,120,2,2,6
-12.05722,-77.11642,Callao,457,95,3,1,10
-12.0678078,-77.067586,Cercado de Lima,435,40,1,1,40
-12.0626033,-77.1280969,Callao,415,64,2,2,11
-12.074294,-76.9583426,La Molina,754,85,2,1,20
-12.0793565,-77.0516804,Jesus Maria,739,95,3,1,20
-12.0252881,-77.101965,Callao,391,75,2,2,12
-12.3277153,-76.8331858,Punta Hermosa,1500,127,4,3,3
-12.1197903,-76.9951338,Santiago de Surco,235,30,1,1,10
-12.1437433,-77.0120742,Santiago de Surco,609,69,3,2,10
-12.111005,-77.035731,Miraflores,1000,126,3,3,40
-12.1246046,-77.0266876,Miraflores,870,115,2,3,3
-12.0853992,-77.0488879,San Isidro,900,52,2,2,9
-12.1352106,-77.0255068,Miraflores,2500,219,3,3,13
-12.1153144,-77.04817,Miraflores,2900,240,3,3,11
-12.1104682,-76.9793358,Santiago de Surco,741,57,2,2,10
-12.0734497,-77.0162899,La Victoria,735,79,2,2,2
-12.1176825,-77.0039095,Surquillo,652,88,2,1,10
-12.0769521,-77.048365,Jesus Maria,1014,76,2,2,7
-12.142521,-77.01462579999999,Santiago de Surco,1550,139,3,3,8
-12.0993423,-77.0612901,Magdalena del Mar,841,65,2,2,5
-12.0973527,-76.9809964,Santiago de Surco,1200,151,3,3,8
-12.0952789,-77.0423689,San Isidro,2850,240,3,3,13
-11.9202696,-77.0611173,Comas,281,75,2,1,2
-12.120875796580016,-77.00680015581966,Surquillo,928,88,2,2,9
-12.1201755,-77.0342454,Miraflores,1350,160,3,3,5
-12.1288008,-77.0267267,Miraflores,971,165,3,3,6
-12.0971281,-77.0332684,San Isidro,841,45,1,1,9
-12.1203012,-77.041282,Miraflores,750,85,1,2,4
-12.127623,-77.0281011,Miraflores,850,80,2,2,4
-12.1246946,-77.0334347,Miraflores,820,75,1,1,2
-12.1131881,-77.038049,Miraflores,1200,115,2,3,5
-12.1297192,-77.0326954,Miraflores,2200,230,3,3,5
-12.0922754,-77.0352289,San Isidro,725,35,1,1,2
-12.1557043,-76.9858281,Santiago de Surco,2800,320,3,3,10
-12.1165227,-77.0460823,Miraflores,492,39,1,1,6
-12.12747,-77.0357059,Miraflores,2200,200,3,2,20
-12.1293959,-77.0298098,Miraflores,870,80,2,2,10
-12.0648646,-76.9372659,Ate,801,95,3,2,18
-12.12747,-77.0357059,Miraflores,2168,200,3,2,18
-12.1276347,-77.0216056,Miraflores,1014,75,2,2,1
-12.135575199999998,-77.0261872,Miraflores,1500,157,3,2,58
-12.1512394,-77.0220144,Barranco,640,60,1,1,5
-11.864056,-77.0490058,Carabayllo,2200,190,3,2,9
-12.0865395,-77.0785877,San Miguel,522,47,1,1,6
-11.957260644687643,-77.07038829999998,Los Olivos,348,100,2,2,1
-12.0940335,-77.0266508,San Isidro,715,46,1,1,9
-12.077717995418942,-77.06463889192447,Pueblo Libre,538,70,3,2,10
-12.0973835,-77.0322344,San Isidro,722,47,1,1,3
-12.1140517,-77.0380089,Miraflores,2000,125,3,2,15
-12.0897265,-77.035128,San Isidro,1014,60,2,2,2
-12.0007518,-77.0781215,San Martin de Porres,377,70,2,1,10
-12.0761112,-77.0806206,San Miguel,630,61,2,2,8
-12.0953178,-77.0423715,San Isidro,2700,240,3,3,13
-12.1231682,-77.0319569,Miraflores,5500,379,3,3,16
-12.093369722554902,-77.0794214048128,San Miguel,720,95,3,2,4
-12.066744,-77.1122386,La Perla,435,49,2,1,15
-12.0922754,-77.0352289,San Isidro,1500,150,3,3,40
-12.1160263,-77.0450901,Miraflores,1014,74,1,2,5
-12.1136519,-77.0395196,Miraflores,1700,220,4,3,15
-12.07252,-77.0515629,Pueblo Libre,714,63,2,2,10
-12.0138527,-77.0417314,Rimac,348,51,2,1,3
-12.0569077,-77.0500164,Cercado de Lima,441,40,1,1,1
-12.1221715,-77.03117189999999,Miraflores,1000,62,2,2,3
-12.1186775,-77.0275226,Miraflores,806,53,1,1,10
-12.0946479,-77.0240633,San Isidro,754,45,1,1,9
-12.1207509,-77.008837,Miraflores,2100,250,3,3,12
-12.1405385,-77.0241077,Barranco,800,55,1,1,12
-12.1373223,-77.0223959,Barranco,714,43,1,1,3
-12.1400947,-77.0220571,Barranco,730,45,1,1,1
-12.1274779,-77.005667,Miraflores,1950,182,3,3,8
-12.1098312,-77.0274636,Miraflores,925,63,2,2,10
-11.9970248,-77.1087839,Callao,272,75,3,1,11
-12.0941904,-77.0465239,San Isidro,1350,114,2,1,7
-11.9681796,-77.0042637,San Juan de Lurigancho,290,75,3,1,2
-12.0927083,-77.0286505,San Isidro,1000,45,1,1,9
-12.3134307,-76.8357696,Punta Hermosa,6500,149,3,4,15
-12.0668228,-77.054118,Brena,652,74,3,2,3
-12.123814516336198,-77.02118418280331,Miraflores,580,35,1,1,10
-12.0971829,-77.032585,San Isidro,650,50,1,1,15
-12.0929502,-77.0270383,San Isidro,750,49,1,1,2
-12.0707996,-77.0556081,Pueblo Libre,406,40,1,1,10
-12.1210605,-77.028626,Miraflores,1450,137,2,2,10
-12.0889531,-77.0141023,La Victoria,550,53,1,1,1
-12.1150462,-77.0446335,Miraflores,957,75,1,1,2
-12.1348446,-76.9761588,Santiago de Surco,2609,150,3,2,10
-12.1184983,-77.031385,Miraflores,950,63,3,2,1
-12.0889531,-77.0141023,La Victoria,870,79,2,2,2
-12.0171139,-77.0388683,Rimac,446,86,3,2,4
-12.0138527,-77.0417314,Rimac,377,55,2,1,3
-12.14128508324462,-77.0253772563446,Barranco,3300,480,3,4,15
-12.1684888998403,-76.99362109541717,Chorrillos,348,50,2,1,15
-12.1565828,-77.023807,Barranco,950,58,1,1,5
-12.1565828,-77.023807,Barranco,1050,60,1,1,5
-12.0802896,-77.0794569,San Miguel,377,55,1,1,5
-12.014522,-77.0422191,Rimac,314,51,2,1,2
-12.0900364,-77.0577696,Jesus Maria,1217,97,3,2,4
-12.114484,-77.045913,Miraflores,1350,115,2,2,5
-12.1221023,-77.0336896,Miraflores,950,151,2,1,39
-12.1395396,-77.02108559999999,Barranco,5500,297,3,1,5
-12.1440068,-77.0186818,Barranco,1150,132,3,2,4
-12.0969854,-77.0320453,San Isidro,749,46,1,1,2
-11.9989767482,-77.1065674531,Callao,201,45,2,1,11
-12.0927617,-77.0276615,San Isidro,850,50,1,1,9
-12.014522,-77.0422191,Rimac,360,51,2,2,4
-12.0618908,-77.0934312,Bellavista,600,69,3,2,5
-12.0900364,-77.0577696,Jesus Maria,750,74,2,2,13
-12.1394891,-77.0231343,Barranco,1100,64,2,2,3
-12.0948068,-77.0374104,San Isidro,3100,238,3,3,15
-12.0086801,-77.0903261,San Martin de Porres,638,139,3,2,1
-12.0948068,-77.0374104,San Isidro,1200,105,2,2,26
-11.9555056,-77.0596902,Comas,319,100,3,2,4
-11.9813633,-77.0418524,Independencia,246,33,1,1,10
-12.1270269,-77.0288519,Miraflores,1339,75,3,2,10
-12.1318394,-77.0052414,Santiago de Surco,1350,146,3,2,12
-12.1491648,-77.0231865,Barranco,4500,312,3,3,22
-12.0758984,-77.0901786,San Miguel,744,83,3,2,8
-12.12747,-77.0357059,Miraflores,4500,370,5,5,6
-12.1301223,-77.0289863,Miraflores,1500,125,3,2,14
-12.0894767,-77.0271142,Lince,750,48,1,1,3
-12.1213356,-77.0422701,Miraflores,3500,225,3,2,18
-12.0883247,-76.9633404,La Molina,3050,263,3,3,11
-12.1459759,-77.0223287,Barranco,1200,131,2,2,5
-12.1184983,-77.031385,Miraflores,1500,160,3,2,5
-12.0504413,-77.1180777,Callao,406,65,3,2,11
-12.1037496,-77.0095284,San Borja,480,50,1,1,30
-12.1219632,-77.0215783,Miraflores,860,55,1,1,10
-12.1003799,-76.9650957,Santiago de Surco,1500,178,3,3,16
-12.1243304,-76.9946022,Santiago de Surco,1200,110,3,2,10
-12.1218373,-77.0203014,Miraflores,771,67,1,2,10
-12.1005308,-77.0622893,Magdalena del Mar,1100,102,2,2,1
-12.0960567,-77.0266917,San Isidro,936,46,1,2,1
-12.0921567,-77.0387526,San Isidro,833,71,1,1,40
-12.0927362,-77.0697284,Magdalena del Mar,776,100,2,2,50
-11.9271539,-77.0564255,Comas,280,50,2,1,6
-12.1072194,-77.0158935,Surquillo,800,71,2,2,9
-12.070674,-76.9026726,La Molina,630,74,3,2,25
-12.0488018,-76.96020510000001,Ate,348,65,2,3,12
-12.1159214,-77.0324274,Miraflores,1100,82,2,1,20
-12.1403573,-77.0261157,Barranco,3300,170,2,2,20
-12.1029535,-77.0560352,San Isidro,1000,108,2,1,30
-12.1274878,-76.9828403,Santiago de Surco,684,47,1,1,10
-12.0560497,-77.0030522,El Agustino,446,89,3,2,8
-12.0919663,-77.0269591,San Isidro,780,45,1,1,9
-12.127623,-77.0281011,Miraflores,1600,120,3,2,6
-12.0919109,-77.0267979,San Isidro,805,65,1,1,1
-12.0797679,-77.0348023,Lince,638,45,1,1,2
-12.0969854,-77.0320453,San Isidro,984,60,2,2,2
-12.076805678079602,-76.95761114387207,La Molina,1980,180,3,2,12
-12.0977882,-77.0305164,San Isidro,900,62,2,2,9
-11.865346,-77.0543916,Carabayllo,252,55,3,1,2
-12.0874316,-77.0885862,San Miguel,261,25,1,1,10
-12.0521163,-77.1142999,Callao,350,75,2,1,15
-12.0960567,-77.0266917,San Isidro,936,60,2,2,1
-12.1225062,-77.0208304,Miraflores,884,60,2,2,10
-12.1297264,-77.0264658,Miraflores,2000,217,2,2,15
-12.0851279,-76.9617709,La Molina,3000,290,3,2,7
-12.1219632,-77.0215783,Miraflores,774,52,1,1,10
-12.1355752,-77.0261872,Miraflores,1500,160,3,2,35
-12.0944084,-77.0498169,San Isidro,1350,130,2,2,7
-12.0842583,-77.0252778,La Victoria,870,80,3,2,5
-12.1247619,-77.0222359,Miraflores,860,49,1,1,10
-12.118869566587424,-77.0439579392868,Miraflores,3500,254,3,3,10
-12.1204475,-77.0335944,Miraflores,928,93,2,2,18
-12.1226966,-77.0400075,Miraflores,2300,198,3,3,22
-12.1290241,-76.9554806,San Juan de Miraflores,870,77,2,1,30
-12.0721744,-77.1135944,La Perla,507,75,2,2,8
-12.091693426429051,-77.07219296983641,Magdalena del Mar,776,100,2,2,50
-12.0322822,-77.0274899,Rimac,1000,110,3,2,73
-11.9826257,-77.0863609,San Martin de Porres,1100,87,2,1,10
-11.9826257,-77.0863609,San Martin de Porres,1100,85,2,1,10
-12.1181372,-77.0428165,Miraflores,1188,84,3,2,10
-12.0969854,-77.0320453,San Isidro,850,46,1,1,3
-12.0969854,-77.0320453,San Isidro,1045,61,2,2,3
-12.0929986,-77.0486209,San Isidro,2500,200,3,2,22
-12.0826465,-77.10393300000001,San Miguel,493,52,2,2,7
-12.0645648,-77.0577933,Cercado de Lima,783,100,4,4,20
-12.1171972,-77.0381756,Miraflores,900,86,1,1,1
-12.091322662276442,-77.06674088570558,Magdalena del Mar,783,75,2,2,4
-12.0826713,-76.9686499,La Molina,2900,240,3,4,4
-12.1804319,-77.0062815,Chorrillos,608,71,3,2,1
-12.016784,-77.0423456,Rimac,358,51,2,1,4
-11.9815099,-77.0787549,San Martin de Porres,458,106,3,2,1
-12.1221725,-77.0238209,Miraflores,892,88,3,2,71
-12.1126291765,-76.9340251147,La Molina,493,62,2,2,10
-12.1124475069242,-77.04544750872401,Miraflores,1780,198,3,3,16
-12.1698221,-76.9734042,San Juan de Miraflores,230,45,1,1,33
-12.0826427,-77.1036331,San Miguel,580,56,2,2,7
-12.1284821,-77.0227253,Miraflores,1000,100,2,2,5
-12.0895718,-77.0827128,San Miguel,580,50,1,1,8
-12.0626076,-77.0976475,Bellavista,700,77,2,3,13
-12.127216258718091,-77.02975140454421,Miraflores,1400,130,2,2,15
-12.1412082,-77.0227819,Barranco,1250,82,2,2,4
-12.0930749,-77.0395233,San Isidro,750,55,1,1,15
-12.1121148,-76.9700682,Santiago de Surco,282,20,0,1,49
-12.0845479,-77.0245351,La Victoria,610,46,2,2,2
-12.1438849,-77.020301,Barranco,2700,150,2,2,4
-12.1364868,-77.0224398,Barranco,725,45,1,1,5
-12.1581641,-77.0238926,Chorrillos,493,28,1,1,10
-12.079536,-77.0361779,Cercado de Lima,590,50,2,2,5
-12.1164078,-77.0304769,Miraflores,744,66,2,2,10
-12.1288461,-77.0270043,Miraflores,1200,104,2,2,15
-12.0732857,-77.030156,Cercado de Lima,656,41,1,1,3
-12.1395168,-77.0238954,Barranco,780,80,2,2,6
-12.0737412,-77.1088082,San Miguel,675,66,3,2,8
-12.1158981,-77.0331271,Miraflores,2100,248,4,3,10
-12.0779496,-77.0525946,Jesus Maria,362,25,1,1,7
-11.9813633,-77.0418524,Independencia,406,110,2,2,15
-12.1179436,-77.0352801,Miraflores,841,65,1,1,12
-12.1303904,-77.0318273,Miraflores,2500,252,3,3,19
-12.1170653,-77.0430658,Miraflores,1060,110,3,2,30
-12.0919109,-77.0267979,San Isidro,841,51,1,1,9
-12.1278822,-77.0289646,Miraflores,1200,104,2,2,10
-12.1164801,-77.0432317,Miraflores,1300,86,3,3,5
-12.0937213,-77.026406,San Isidro,750,45,1,1,9
-12.1063876,-76.974299,Santiago de Surco,1750,178,2,2,10
-12.0950689,-77.026514,San Isidro,725,45,1,1,9
-12.0644113,-76.9579553,Ate,406,40,1,1,3
-12.0900364,-77.0577696,Jesus Maria,850,85,2,2,15
-12.1243779,-77.0356655,Miraflores,1600,145,2,2,15
-12.020068,-76.9834972,San Juan de Lurigancho,348,80,2,2,10
-12.1188617,-77.0342053,Miraflores,950,81,2,2,9
-12.1667829,-76.9955026,Chorrillos,519,74,3,2,6
-12.0919109,-77.0267979,San Isidro,830,55,1,1,1
-12.1186627,-77.0338471,Miraflores,1800,140,4,4,6
-12.0966697,-77.0446434,San Isidro,2000,137,3,2,14
-12.0919109,-77.0267979,San Isidro,805,45,1,1,9
-12.0935453,-77.0593621,Magdalena del Mar,771,60,2,2,8
-12.1078335,-77.0221259,Miraflores,591,37,1,1,10
-12.0140108,-77.0831841,San Martin de Porres,377,93,3,2,10
-12.1098312,-77.0274636,Miraflores,1050,63,2,2,1
-12.1178032,-77.0431288,Miraflores,1060,102,3,3,5
-12.0978464,-77.04429689999999,San Isidro,3000,271,4,2,15
-12.0922795,-77.0255929,San Isidro,1050,65,2,2,9
-12.088266,-77.0697876,Magdalena del Mar,580,71,3,2,18
-12.0745285,-77.0792977,San Miguel,551,45,1,1,8
-12.1270864,-77.0287968,Miraflores,900,61,2,2,10
-12.0896313,-77.0283259,San Isidro,750,50,1,1,5
-12.0918957,-77.030219,San Isidro,850,73,2,2,9
-12.0951977,-77.0345281,San Isidro,638,80,2,1,42
-12.1231682,-77.0319569,Miraflores,2000,150,3,2,8
-12.142422116607014,-77.02520296343766,Barranco,5500,488,4,4,13
-12.1305917,-77.0255098,Miraflores,950,70,1,2,8
-12.0846035,-77.054984,Jesus Maria,900,83,2,2,6
-12.0776812,-77.0949355,San Miguel,580,65,3,2,5
-12.1098312,-77.0274636,Miraflores,1090,62,2,2,1
-12.1187584,-76.9964511,Santiago de Surco,1120,180,3,2,9
-12.1219632,-77.0215783,Miraflores,1011,65,2,2,10
-12.1201738,-77.0347718,Miraflores,690,60,1,1,12
-12.1204624,-77.0154238,Miraflores,1011,65,2,2,10
-12.1191233,-76.9841616,Santiago de Surco,1900,205,3,2,8
-12.090200499999998,-76.955378,La Molina,1300,121,3,3,30
-12.120579658748568,-77.0347117180908,Miraflores,650,65,1,2,9
-12.1201755,-77.0342454,Miraflores,1150,68,2,2,3
-12.1008842,-77.0078392,San Borja,1000,120,4,3,20
-12.0947337,-77.0751307,Magdalena del Mar,620,55,1,1,5
-11.9265985,-77.035676,Comas,319,60,2,1,5
-12.0941334,-77.0393497,San Isidro,2280,260,3,3,45
-12.0639763,-77.0589533,Cercado de Lima,493,70,3,1,8
-12.1143825,-77.0279735,Miraflores,1050,138,2,3,12
-12.1302499,-77.0212,Miraflores,1594,170,3,3,10
-12.0791503,-77.0935083,San Miguel,865,110,4,3,20
-12.1157293,-77.0258343,Miraflores,714,62,2,2,8
-12.0797602,-77.10729,San Miguel,595,75,3,2,9
-12.1258495,-77.0269163,Miraflores,1450,96,3,3,10
-12.1266442,-77.0170088,Miraflores,522,35,1,1,30
-11.9731258,-77.094164,San Martin de Porres,400,112,3,1,20
-11.9598592,-77.0789033,San Martin de Porres,348,50,2,1,10
-12.0764658,-77.0735103,Pueblo Libre,560,54,2,1,20
-12.0966427,-77.0457853,San Isidro,1250,115,3,3,21
-12.0666812,-77.0561388,Cercado de Lima,610,75,3,2,5
-12.1250759,-77.0136816,Miraflores,1500,180,3,4,10
-12.1028326,-77.0266639,San Isidro,800,56,2,2,3
-12.129905,-77.0332944,Miraflores,2000,260,5,4,28
-12.1240962,-77.0313189,Miraflores,670,40,1,1,30
-12.1368436,-77.02213379999999,Barranco,538,45,1,1,10
-12.1222856,-77.03207410000005,Miraflores,950,67,1,1,8
-12.1269388,-77.0242301,Miraflores,850,80,3,2,10
-12.1050964,-77.0208553,Surquillo,725,72,2,2,8
-12.1763681,-77.0146882,Chorrillos,790,150,3,2,19
-12.0978883,-77.0193865,San Isidro,928,60,2,2,9
-12.0610978,-77.0568802,Cercado de Lima,406,70,2,1,30
-12.0758732,-77.0525427,Jesus Maria,522,42,1,1,7
-12.1225062,-77.0208304,Miraflores,986,62,2,2,10
-12.1318556,-77.0194772,Miraflores,650,51,1,1,2
-12.111474,-77.0123273,Surquillo,580,43,1,1,12
-11.9863793,-77.0745533,San Martin de Porres,507,80,3,1,16
-12.1394792,-77.0221394,Barranco,645,43,1,1,3
-12.1121939,-77.0401495,Miraflores,1300,120,2,2,14
-12.1213522,-77.0336978,Miraflores,1035,88,2,2,2
-12.1201453,-77.0370863,Miraflores,1100,90,3,3,9
-12.0647645,-77.0389234,Cercado de Lima,754,85,3,2,5
-12.1242116,-77.0310906,Miraflores,826,56,1,1,10
-12.1131401,-77.02750259999999,Miraflores,800,65,2,2,3
-12.0990152,-77.0066856,San Borja,1023,115,3,2,20
-12.1164286,-77.01542839999999,Miraflores,750,100,3,2,14
-12.1037599,-77.0574827,San Isidro,780,45,1,1,9
-12.1328894,-77.0048741,Santiago de Surco,1200,142,3,2,18
-12.1302499,-77.0212,Miraflores,900,61,2,2,10
-12.0769302,-77.09221,San Miguel,551,50,1,1,1
-12.0884471,-76.9862463,San Borja,783,71,1,1,15
-12.0904264,-76.9863944,San Borja,1500,125,4,3,10
-12.081137,-77.09201600000002,San Miguel,609,58,1,1,5
-12.0947512,-77.0141292,San Isidro,3600,399,4,3,20
-12.0778368,-77.0274504,Cercado de Lima,911,65,3,2,3
-12.1188929,-76.9755903,Santiago de Surco,900,95,3,2,13
-12.0870944,-77.081061,San Miguel,652,77,3,2,6
-12.0977768,-77.0084339,San Borja,1058,90,3,2,4
-12.1668399,-76.9936136,Chorrillos,1600,120,3,2,20
-12.0936734,-77.0693873,Magdalena del Mar,890,83,3,2,8
-12.0949386,-77.0460316,San Isidro,714,47,1,1,25
-12.084268,-77.0648161,Pueblo Libre,565,64,2,2,10
-12.1145505,-76.9976118,Surquillo,744,80,3,2,9
-12.1201755,-77.0342454,Miraflores,750,36,1,1,10
-12.0974182,-77.0393885,San Isidro,2800,223,3,2,19
-12.0912176,-77.0387835,San Isidro,2600,150,2,2,9
-12.1095444,-76.9399889,La Molina,580,60,2,1,22
-12.0799732,-77.0774911,San Miguel,580,71,2,2,13
-12.1237997,-77.0348612,Miraflores,1100,100,3,1,18
-12.0587989,-77.0929601,Bellavista,580,120,3,2,39
-12.1190577,-77.034764,Miraflores,750,70,1,1,6
-12.015472,-77.0842584,San Martin de Porres,290,75,3,2,5
-12.0853026,-77.0970354,San Miguel,665,65,2,2,12
-12.106577,-76.992257,San Borja,1100,97,2,2,5
-12.0920494,-77.0313155,San Isidro,749,46,1,1,9
-12.1219632,-77.0215783,Miraflores,930,60,2,2,10
-12.1394891,-77.0231343,Barranco,696,44,1,1,4
-12.0933856,-76.9827128,Santiago de Surco,570,60,1,1,20
-12.0919109,-77.0267979,San Isidro,1000,60,2,2,9
-12.1405385,-77.0241077,Barranco,750,60,1,2,9
-12.1277001,-77.0332629,Miraflores,400,100,3,2,3
-12.0959211,-77.0493116,San Isidro,3200,243,3,3,11
-12.0870944,-77.081061,San Miguel,560,65,2,1,8
-12.1007577,-77.00508769999999,San Borja,1400,180,4,3,20
-12.0895718,-77.0827128,San Miguel,812,82,3,2,8
-12.1247695,-77.0373416,Miraflores,2200,200,3,4,20
-12.0936396,-77.0299098,San Isidro,743,46,1,1,6
-12.0987686,-77.0522706,San Isidro,3500,450,4,4,32
-12.1255069,-77.0294354,Miraflores,1800,383,5,4,46
-12.1344046,-77.022051,Barranco,850,90,2,2,5
-12.1253816,-77.0239003,Miraflores,1230,130,2,3,50
-12.1060312,-77.0329885,Miraflores,1100,129,2,2,10
-12.0854817,-77.0499318,Jesus Maria,650,43,1,1,6
-12.0046495,-77.0625078,Los Olivos,435,120,3,1,15
-12.1698229,-76.9906499,Chorrillos,638,70,3,2,10
-12.1395684,-77.0238406,Barranco,950,67,2,2,8
-12.1784522,-76.956399,San Juan de Miraflores,838,75,1,1,30
-12.0987686,-77.0522706,San Isidro,3500,455,4,4,30
-12.1301035,-77.0317688,Miraflores,1200,97,2,1,6
-12.054063576464758,-77.10941424232787,Callao,446,108,3,3,9
-12.1201755,-77.0342454,Miraflores,1000,56,1,1,2
-12.0954457,-77.0365496,San Isidro,722,50,1,1,1
-12.165752799999998,-76.9955902,Chorrillos,580,88,3,2,20
-12.1028326,-77.0266639,San Isidro,725,58,2,1,1
-12.1266909,-76.9679039,Santiago de Surco,1050,126,3,3,10
-12.0846767,-77.0420835,Lince,536,60,1,1,29
-12.1244508,-77.0334308,Miraflores,1200,130,2,1,20
-12.0810575,-77.0104525,La Victoria,493,70,2,1,28
-12.0535123,-77.0906775,Bellavista,547,67,3,2,13
-12.1446305,-76.98588629999999,Santiago de Surco,1228,138,4,3,20
-12.1244508,-77.0334308,Miraflores,1400,130,2,2,12
-12.1030923,-77.036456,San Isidro,1160,53,1,1,9
-12.1233982,-77.0355645,Miraflores,1500,84,4,3,20
-12.0903231,-77.0204045,La Victoria,545,52,1,1,2
-12.0905162,-77.0712353,Magdalena del Mar,667,82,3,2,8
-12.1283385,-76.9978297,Santiago de Surco,770,70,2,1,8
-12.1040345,-77.0314202,Miraflores,965,118,3,2,10
-12.0927004,-77.0274487,San Isidro,922,47,1,1,9
-12.1363357,-77.0225231,Barranco,841,55,2,2,5
-12.0293134,-76.9240549,Ate,450,65,2,1,1
-12.0718986,-77.0965564,San Miguel,540,60,1,1,1
-12.0718986,-77.0965564,San Miguel,645,62,3,1,1
-12.1233982,-77.0355645,Miraflores,1900,360,3,2,10
-12.0825956,-77.0922279,San Miguel,580,83,3,2,10
-11.9464745,-77.0873384,San Martin de Porres,317,120,3,2,10
-12.1203469,-76.9753367,Santiago de Surco,1100,70,2,2,1
-12.1483996,-76.9865081,Santiago de Surco,510,81,3,2,10
-12.067924,-77.0736657,Cercado de Lima,635,56,2,2,4
-12.1006432,-77.0381569,San Isidro,1797,177,3,2,20
-12.1141137,-76.9982119,Surquillo,783,63,3,2,1
-12.1210441,-77.0333271,Miraflores,1000,75,2,2,3
-12.119096,-77.0303078,Miraflores,551,40,2,1,10
-11.944236245908812,-77.07383503569032,Los Olivos,435,100,3,1,15
-12.0640962,-77.086254,San Miguel,498,80,2,1,25
-12.0889615,-77.0278315,Lince,840,76,2,2,5
-12.0980612,-77.0467836,San Isidro,1650,169,4,2,16
-12.0679665,-77.0944714,San Miguel,429,70,1,1,60
-12.1526548,-77.0206068,Barranco,580,54,1,1,58
-12.1340857,-77.0281975,Miraflores,4100,436,3,4,10
-12.1069443,-77.0086398,San Borja,1014,90,3,2,6
-12.0917238,-76.9861172,San Borja,1100,112,3,3,11
-12.118835,-77.0063583,Surquillo,802,74,3,2,9
-11.9765981,-77.1220094,Callao,232,60,2,1,11
-11.972703,-77.124203,Callao,232,60,2,2,11
-12.1356514,-77.0229249,Barranco,570,45,1,1,2
-12.1098312,-77.0274636,Miraflores,980,105,3,3,15
-12.0960661,-77.03212119999999,San Isidro,750,42,1,1,5
-12.0929502,-77.0270383,San Isidro,900,46,1,1,4
-12.0668533,-76.9526035,Ate,420,40,2,1,20
-12.1189405,-77.0275217,Miraflores,748,52,1,1,10
-12.0901867,-77.0495956,San Isidro,1900,150,2,2,10
-12.0982091,-77.0523782,San Isidro,4000,400,4,4,34
-12.1283866,-77.0263068,Miraflores,812,102,1,2,15
-12.124446617069406,-77.0315846116394,Miraflores,650,65,1,1,22
-12.0516543495,-77.1194226597,Callao,386,60,3,1,5
-12.1189405,-77.0275217,Miraflores,919,61,2,2,10
-12.0599939,-77.1377334,Callao,320,62,2,1,84
-12.0920494,-77.0313155,San Isidro,783,60,2,2,9
-12.1643279,-76.9985596,Chorrillos,376,55,2,1,10
-12.0834929,-77.0562751,Jesus Maria,1072,120,2,1,30
-12.1356195,-77.0204467,Barranco,638,47,1,1,8
-12.1394891,-77.0231343,Barranco,750,50,1,1,3
-12.0946251,-77.0508119,San Isidro,2000,198,3,4,12
-12.1305115,-77.0290264,Miraflores,1050,93,1,1,11
-12.1089537,-77.0316503,Miraflores,986,97,3,3,20
-12.1365486,-77.0245764,Barranco,700,45,1,1,10
-12.1269849,-77.02883539999999,Miraflores,880,51,2,2,10
-12.10279,-77.0186384,San Isidro,783,54,2,2,9
-12.0834929,-77.0562751,Jesus Maria,783,66,2,2,7
-12.0911167,-77.0273653,San Isidro,850,62,2,2,9
-12.1267154,-76.9844333,Santiago de Surco,1200,190,4,4,10
-12.1134839,-76.992745,Santiago de Surco,1800,125,3,3,10
-12.1165613,-77.0239174,Miraflores,638,68,3,2,12
-12.0946539,-77.031355,San Isidro,840,50,1,1,9
-12.091219700000002,-77.0276062,San Isidro,928,65,2,3,1
-12.1340857,-77.0281975,Miraflores,2000,150,3,3,21
-12.0920494,-77.0313155,San Isidro,724,48,1,1,9
-12.1282595,-77.0291532,Miraflores,1300,126,3,2,11
-12.0990214,-77.0550952,San Isidro,2000,270,3,2,40
-12.0946539,-77.031355,San Isidro,1000,50,2,1,9
-12.0910245,-77.0510196,San Isidro,2145,152,3,4,6
-12.0936343,-77.0299648,San Isidro,725,46,1,1,4
-12.0935824,-77.0687857,Magdalena del Mar,812,56,2,2,8
-12.0300659,-77.0605523,San Martin de Porres,225,75,2,1,20
-12.0859398,-77.0957501,San Miguel,464,42,1,1,9
-12.1712054,-76.9705473,San Juan de Miraflores,1100,73,1,2,10
-11.9901259,-77.0596825,Independencia,406,65,3,2,12
-12.096517,-77.0287367,San Isidro,1026,60,2,2,1
-12.127623,-77.0281011,Miraflores,1100,86,1,1,11
-12.1269883,-77.0269971,Miraflores,2000,217,2,2,8
-12.0901479,-77.0599055,Magdalena del Mar,950,100,2,1,7
-12.089399645922962,-76.99704703677062,San Borja,1058,100,3,2,11
-12.090001,-76.9969114,San Borja,1043,100,3,2,11
-11.8970603,-77.042763,Carabayllo,261,60,3,1,2
-12.0889531,-77.0141023,La Victoria,950,73,3,2,2
-12.1022333,-77.0116562,San Isidro,1304,99,3,2,9
-12.1195749,-77.0416935,Miraflores,1000,84,3,2,23
-12.1351692,-76.9773049,Santiago de Surco,340,35,1,1,6
-12.0920494,-77.0313155,San Isidro,1000,73,2,2,9
-12.0885433,-77.0344659,San Isidro,928,98,3,2,10
-12.1088403,-76.9779522,Santiago de Surco,1064,156,3,3,19
-12.1280889,-77.0312679,Miraflores,1362,181,3,2,23
-12.1050964,-77.0208553,Surquillo,783,60,2,2,5
-12.140383,-77.022943,Barranco,933,60,2,2,3
-12.066757,-77.0543135,Brena,550,45,1,1,10
-11.8967139,-77.0162881,Carabayllo,930,46,1,1,2
-12.0892535,-77.0833257,San Miguel,594,67,1,1,10
-12.0964335,-77.0300994,San Isidro,500,45,1,1,14
-12.137423286366404,-77.02234589391786,Barranco,638,45,1,1,5
-12.0960377,-77.0163726,San Isidro,1400,200,3,3,23
-12.0843567,-77.0959358,San Miguel,522,54,2,2,8
-12.135437,-77.0214508,Barranco,870,63,2,2,3
-12.0632445,-77.1074903,Bellavista,551,72,3,2,2
-12.1171671635,-77.0425489525,Miraflores,754,73,2,1,12
-12.12747,-77.0357059,Miraflores,2500,183,3,2,26
-12.1339242,-77.0242321,Miraflores,2350,305,4,2,40
-12.0912663,-77.0691605,Magdalena del Mar,580,85,2,2,12
-12.1110927,-77.0368054,Miraflores,700,60,1,1,50
-12.0893788,-77.0169376,La Victoria,720,67,2,1,2
-12.1159214,-77.0324274,Miraflores,1257,115,2,2,4
-12.1222724,-77.0358376,Miraflores,2600,200,2,2,2
-12.119198073981629,-77.0355481253784,Miraflores,1000,81,2,2,9
-12.1034189,-77.0079295,San Borja,975,118,2,3,11
-12.1032017,-77.0300161,San Isidro,1155,75,3,2,1
-12.093746935515622,-77.02644837243044,San Isidro,1050,45,1,1,9
-12.0915948,-77.0783313,San Miguel,580,76,3,2,15
-12.1538094,-77.0236702,Barranco,1350,100,1,1,10
-12.1272429,-77.0240127,Miraflores,1350,125,3,2,5
-12.1231682,-77.0319569,Miraflores,1050,120,3,2,20
-12.0885433,-77.0344659,San Isidro,841,100,3,3,5
-11.9451275,-77.0492787,Comas,514,123,3,2,7
-12.1220933,-77.025372,Miraflores,2100,150,3,2,9
-12.1344046,-77.022051,Barranco,1169,128,2,3,4
-12.1004022,-76.973029,Santiago de Surco,1150,100,2,2,10
-12.1270783,-77.0267614,Miraflores,850,74,1,1,15
-12.1181372,-77.0428165,Miraflores,899,64,1,1,10
-12.1141599,-76.9978685,Surquillo,725,70,2,2,4
-12.1279138,-77.0260353,Miraflores,850,58,1,1,11
-12.119096,-77.0303078,Miraflores,850,60,3,1,50
-12.1380175,-77.0176213,Barranco,580,45,1,1,12
-12.1187838,-77.038456,Miraflores,1200,120,3,3,10
-12.1422913,-77.0232051,Barranco,750,65,1,2,6
-12.0773665,-77.0622797,Pueblo Libre,1014,88,3,2,5
-12.1302499,-77.0212,Miraflores,800,40,1,1,10
-12.0886696,-77.0615902,Magdalena del Mar,681,46,1,1,2
-12.0836331,-77.0908789,San Miguel,667,75,3,3,10
-12.1220374,-77.0055909,Surquillo,1000,80,2,2,4
-12.0857061,-77.0933525,San Miguel,551,64,3,2,8
-12.0946539,-77.031355,San Isidro,1000,45,1,1,9
-12.0931453,-77.0249345,San Isidro,1014,60,2,2,3
-12.0823018,-77.1045962,San Miguel,551,56,2,2,2
-12.0966601,-76.9817917,Santiago de Surco,1200,111,3,1,28
-12.0862077,-77.092336,San Miguel,957,82,3,2,9
-12.0889615,-77.0278315,Lince,667,48,1,1,5
-12.0854817,-77.0499318,Jesus Maria,957,120,3,2,61
-12.0936851,-77.0652171,Magdalena del Mar,3000,400,7,5,40
-12.0949224,-77.0588951,Magdalena del Mar,1100,85,3,2,8
-12.1302499,-77.0212,Miraflores,780,55,1,1,8
-12.1255069,-77.0294354,Miraflores,950,89,1,1,10
-12.0936813,-77.0496921,San Isidro,1300,147,3,3,45
-12.1212088,-77.0033922,Surquillo,493,70,2,1,9
-12.1372754,-77.0245786,Barranco,880,80,1,2,10
-12.0510632,-77.1263052,Callao,316,55,3,1,5
-12.0650464,-77.0425111,Cercado de Lima,930,90,3,2,4
-12.0824235,-77.0460148,Jesus Maria,770,107,3,3,14
-12.0795818,-77.0354968,Cercado de Lima,650,59,2,2,8
-12.0715764,-77.0382334,Cercado de Lima,812,89,3,2,3
-12.3416667,-76.8252778,Punta Hermosa,800,80,2,1,6
-12.091287010736,-77.02719387468261,San Isidro,928,65,2,2,9
-12.3416667,-76.8252778,Punta Hermosa,700,80,2,2,1
-12.0639763,-77.0589533,Cercado de Lima,470,65,1,2,6
-12.0946539,-77.031355,San Isidro,1170,45,1,1,9
-12.1822724,-77.0000368,Chorrillos,522,55,2,2,10
-12.1287103,-76.9989948,Santiago de Surco,805,86,2,2,45
-12.0859398,-77.0957501,San Miguel,579,60,1,1,7
-12.0663675,-77.0542348,Cercado de Lima,493,59,2,1,5
-12.0963254,-77.0281905,San Isidro,899,45,1,1,1
-12.1178529,-76.98373579999999,Santiago de Surco,2200,270,3,4,27
-12.092201434997452,-77.02686447520216,San Isidro,1050,71,2,2,5
-12.0799798,-77.0757615,San Miguel,778,87,3,2,8
-12.1247695,-77.0373416,Miraflores,4500,361,4,4,16
-12.1322184,-77.0302263,Miraflores,1300,120,3,3,5
-12.0141131,-76.8760973,Ate,275,67,3,2,10
-12.1337057,-77.028807,Miraflores,1175,60,1,1,25
-12.1211984,-77.0390233,Miraflores,1270,120,3,2,8
-12.0950689,-77.026514,San Isidro,850,45,1,1,9
-12.0833647,-77.0541744,Jesus Maria,609,42,1,1,7
-12.1321037,-77.0187147,Barranco,810,63,2,2,4
-12.1130851,-77.0482451,Miraflores,900,55,2,2,10
-12.0979273,-77.0020979,San Borja,609,50,1,1,10
-12.1303918,-77.0176781,Miraflores,1200,106,2,3,5
-12.0794515,-77.05896899999999,Pueblo Libre,850,95,3,3,10
-12.1099486,-77.0406828,Miraflores,1600,90,2,2,10
-12.1233982,-77.0355645,Miraflores,850,52,2,2,10
-12.1356514,-77.0229249,Barranco,725,44,1,1,8
-12.1155671,-77.0481059,Miraflores,3000,200,3,3,12
-12.1439689,-77.0017548,Santiago de Surco,620,78,2,1,10
-12.1191233,-76.9841616,Santiago de Surco,1043,190,4,3,13
-12.0893981,-77.0336794,San Isidro,754,55,2,2,3
-12.0764658,-77.0735103,Pueblo Libre,754,86,3,2,20
-12.0778415,-77.0967701,San Miguel,783,88,3,2,5
-12.1132003,-76.9824501,Santiago de Surco,2000,215,3,3,25
-12.1150462,-77.0446335,Miraflores,1072,84,2,2,7
-11.9482122,-77.0637726,Comas,319,100,3,1,5
-12.1744037,-77.0087381,Chorrillos,488,55,2,2,10
-12.0882414,-77.0481585,San Isidro,4000,307,4,4,10
-12.1288461,-77.0270043,Miraflores,1100,104,2,2,10
-12.1050477,-77.0185916,San Isidro,638,55,2,2,9
-12.1071822,-76.9733975,Santiago de Surco,2000,275,3,2,19
-12.1201755,-77.0342454,Miraflores,1350,100,2,2,7
-12.1168858,-77.0369478,Miraflores,900,90,3,2,12
-12.1070254,-77.0460742,San Isidro,2900,140,1,2,9
-12.1347674,-77.02438919999997,Miraflores,1890,130,2,2,8
-12.3515005,-76.8104253,Punta Negra,290,40,2,1,3
-12.1302499,-77.0212,Miraflores,1159,75,3,2,10
-12.1270431,-77.0328783,Miraflores,1100,90,3,2,15
-12.0831644,-77.04273370000001,Lince,780,85,3,2,9
-12.1141932,-76.9917618,Santiago de Surco,900,148,3,2,15
-12.131785654058303,-77.02838224973755,Miraflores,1300,180,3,2,23
-12.1442792,-77.009962,Santiago de Surco,464,42,1,1,7
-12.072148,-77.06318499999999,Pueblo Libre,507,45,1,1,10
-12.1435551,-76.99726059999999,Santiago de Surco,1010,108,3,3,8
-12.1405385,-77.0241077,Barranco,700,45,1,1,7
-12.0920717,-77.0595367,Magdalena del Mar,1101,100,3,3,10
-12.06184907145944,-77.09321021920469,Bellavista,507,67,2,2,4
-12.0741788,-77.0332702,Cercado de Lima,676,95,3,2,2
-12.1290175,-77.0270752,Miraflores,1550,108,3,3,18
-12.0895253,-77.0418839,San Isidro,1300,103,2,2,10
-12.003203593209856,-77.11327396612421,Callao,290,85,2,2,11
-12.1272234,-77.032259,Miraflores,950,100,2,3,8
-12.170587167894524,-77.00865404467467,Chorrillos,522,90,3,2,10
-12.0920494,-77.0313155,San Isidro,1200,60,2,2,1
-12.0625907578,-77.1295975384,Callao,405,74,3,1,30
-12.1247695,-77.0373416,Miraflores,2100,150,3,3,15
-12.0794995,-77.0869987,San Miguel,735,120,2,2,8
-12.1046912,-77.0284944,Miraflores,1250,108,3,2,10
-12.0732674,-77.086958,San Miguel,254,98,3,1,28
-12.1200342,-76.999953,Surquillo,522,39,1,1,10
-12.1288008,-77.0267267,Miraflores,857,84,2,2,13
-12.0589308,-77.039161,Cercado de Lima,377,40,1,1,60
-12.105849,-76.9473837,La Molina,314,30,1,1,20
-12.1040345,-77.0314202,Miraflores,1300,98,2,2,5
-12.1270269,-77.0288519,Miraflores,870,60,2,2,10
-12.0824235,-77.0460148,Jesus Maria,924,70,3,2,7
-11.9481586748,-77.0694849466,Los Olivos,260,50,2,1,9
-12.0786883,-77.0359593,Cercado de Lima,720,58,2,2,6
-12.0970749,-76.9732089,Santiago de Surco,1420,145,4,3,12
-12.0953873,-77.0482875,San Isidro,2500,155,3,2,22
-12.0989393,-77.0507371,San Isidro,4300,200,3,3,5
-12.1271726,-77.0046381,Miraflores,478,25,1,1,11
-12.0981788,-77.0552299,San Isidro,700,70,2,2,15
-12.0920494,-77.0313155,San Isidro,714,80,2,1,9
-12.12747,-77.0357059,Miraflores,2200,147,3,2,20
-12.096678,-77.0355114,San Isidro,1000,101,3,2,23
-12.1394891,-77.0231343,Barranco,850,43,1,1,5
-11.8305791,-77.1123888,Puente Piedra,285,60,3,1,4
-12.1206391,-77.0020729,Surquillo,380,45,1,1,30
-12.12899,-77.0314523,Miraflores,750,55,1,1,25
-12.1027523,-77.0259014,San Isidro,811,70,2,2,9
-12.0955179,-77.0660047,Magdalena del Mar,950,59,2,2,8
-12.096014,-77.0548941,San Isidro,1100,62,2,1,9
-12.0950001,-77.0320742,San Isidro,449,27,1,1,45
-12.1209688,-77.0172747,Miraflores,800,80,1,1,2
-12.0764658,-77.0735103,Pueblo Libre,770,80,3,2,10
-12.1175159,-77.0273892,Miraflores,1000,55,1,1,1
-12.1236633,-76.995735,Santiago de Surco,750,79,2,2,10
-12.0436299,-76.9700301,El Agustino,536,100,3,2,8
-12.0765935,-77.0422769,Jesus Maria,754,80,3,2,4
-12.1118501,-76.9997622,Surquillo,754,73,2,2,7
-12.1028603,-77.0105319,San Isidro,1430,190,5,1,9
-12.0890659,-76.9887309,San Borja,1800,189,3,3,6
-12.1279138,-77.0260353,Miraflores,1200,107,3,2,11
-12.1364848,-77.0092523,Santiago de Surco,766,72,2,2,12
-12.0760535,-77.1003595,San Miguel,562,95,3,2,15
-12.1062891,-76.9891117,Santiago de Surco,1550,209,3,3,20
-12.0907231,-77.0342128,San Isidro,1100,123,2,2,12
-12.1288008,-77.0267267,Miraflores,1100,120,3,3,10
-12.1420804,-77.0227601,Barranco,667,70,1,1,15
-12.1133475,-76.9981239,Surquillo,740,84,3,2,17
-12.0647645,-77.0389234,Cercado de Lima,780,98,3,2,25
-12.1166456,-76.997929,Surquillo,750,80,3,3,5
-12.084268,-77.0648161,Pueblo Libre,609,38,1,1,10
-12.0647645,-77.0389234,Cercado de Lima,1014,85,3,2,6
-12.1022165,-77.0306479,San Isidro,800,60,1,1,11
-12.1031037,-77.0332816,San Isidro,1700,115,2,1,57
-12.1063671,-77.029275,Miraflores,2000,300,3,4,11
-12.1029479,-77.0376422,San Isidro,1000,95,2,1,27
-12.098191,-77.0106306,San Isidro,1000,131,4,3,33
-12.1633217,-76.9931791,Santiago de Surco,517,74,3,2,16
-12.1125922,-77.01429619999999,Surquillo,536,42,1,1,7
-12.1187956,-77.0007793,Surquillo,686,70,2,2,3
-12.0955607,-76.9659887,Santiago de Surco,700,60,1,1,27
-12.1128098,-77.0499044,Miraflores,3000,200,3,3,12
-12.1137552,-76.9832196,Santiago de Surco,2100,195,3,3,2
-12.137267,-77.02088429999999,Barranco,720,45,1,1,3
-12.1338384,-76.9977814,Santiago de Surco,1150,130,2,4,25
-12.0973447,-77.0008548,San Borja,2000,172,4,3,6
-12.0845479,-77.0245351,La Victoria,850,62,2,2,2
-12.0584528,-77.0242763,Cercado de Lima,580,55,1,1,1
-12.0508267,-77.1118514,Callao,377,64,3,2,15
-12.1065307,-77.0211905,Surquillo,680,70,3,2,20
-12.1067033,-77.0385942,Miraflores,1072,100,3,3,33
-12.1290903,-77.0331424,Miraflores,1500,135,3,2,11
-11.8419871,-77.1034372,Puente Piedra,330,84,2,2,5
-12.0738167,-77.0483207,Jesus Maria,795,82,3,3,13
-12.0903911,-77.0746638,Magdalena del Mar,580,67,2,2,6
-12.0647645,-77.0389234,Cercado de Lima,880,62,2,2,6
-12.0732064,-77.0460169,Jesus Maria,850,95,3,2,30
-12.1784049,-77.0062644,Chorrillos,551,73,3,2,7
-12.1170384,-76.9945284,Santiago de Surco,834,70,2,1,25
-12.1280792,-76.9899376,Santiago de Surco,377,30,1,1,10
-12.0678078,-77.067586,Cercado de Lima,232,30,1,1,10
-12.0750092,-77.0538521,Pueblo Libre,680,78,3,2,6
-12.1005341141,-77.0537420675,San Isidro,1650,216,4,3,18
-12.0893981,-77.0336794,San Isidro,493,60,2,1,10
-12.083352492355257,-77.02577969756105,La Victoria,551,40,1,1,4
-12.163615,-77.0233776,Chorrillos,1500,145,2,3,10
-12.0842074,-77.0398116,Lince,493,60,2,1,10
-12.1575943,-76.9903891,Santiago de Surco,696,80,3,2,10
-12.1258495,-77.0269163,Miraflores,1000,90,2,2,10
-12.1200342,-76.999953,Surquillo,246,30,1,1,10
-12.1302499,-77.0212,Miraflores,348,30,1,1,10
-12.1237205,-77.0324487,Miraflores,1250,92,3,3,20
-12.0606937,-77.0968432,Bellavista,551,120,3,2,10
-12.111474,-77.0123273,Surquillo,1100,80,3,2,3
-12.1330577,-77.0210078,Miraflores,1400,240,4,3,20
-12.1399966,-77.0236548,Barranco,650,50,1,1,8
-12.1353744,-77.0068566,Santiago de Surco,1217,210,3,2,15
-12.1278846,-77.0312283,Miraflores,625,40,1,1,1
-12.1391916,-77.0241223,Barranco,667,45,1,1,14
-12.0899582,-77.0659856,Magdalena del Mar,667,39,1,1,8
-12.0870944,-77.081061,San Miguel,638,70,3,2,8
-12.0662225,-77.1152165,La Perla,435,70,2,2,8
-12.0949685,-77.03751849999999,San Isidro,1400,117,2,2,20
-12.0911167,-77.0273653,San Isidro,950,62,2,2,9
-12.067939,-77.0475883,Jesus Maria,558,60,1,1,14
-12.072055699999998,-77.0628819,Pueblo Libre,507,42,1,1,10
-12.0948068,-77.0374104,San Isidro,768,60,1,1,20
-12.058561343866543,-77.09773241353608,Bellavista,377,60,1,1,20
-12.0558639,-77.090519,Bellavista,406,60,2,1,15
-12.0919109,-77.0267979,San Isidro,1150,66,2,2,4
-12.1195749,-77.0416935,Miraflores,1500,155,2,2,7
-12.1176639,-77.0087249,Surquillo,1536,109,3,3,9
-12.1337285,-77.019601,Barranco,800,63,1,1,15
-12.0824235,-77.0460148,Jesus Maria,538,40,1,1,1
-12.1279138,-77.0260353,Miraflores,1050,95,2,3,19
-12.1396577,-77.0216908,Barranco,725,40,1,1,3
-12.1403654,-77.022547,Barranco,957,79,3,2,11
-12.0829451,-77.0921613,San Miguel,696,85,4,3,15
-12.0925934,-77.062688,Magdalena del Mar,924,101,3,2,3
-12.093181526,-77.0463501254,San Isidro,670,53,1,1,25
-12.1234877,-77.0179678,Miraflores,1150,69,1,1,2
-12.0838263,-77.0182999,La Victoria,608,90,2,1,18
-12.0946684,-76.8994781,La Molina,580,110,2,2,8
-12.1186627,-77.0338471,Miraflores,930,82,2,3,8
-11.9118492,-77.050657,Comas,290,85,3,1,8
-12.1023835,-77.0583373,San Isidro,785,45,1,1,1
-12.0841627,-76.9076066,La Molina,755,136,3,2,15
-12.0902298,-77.0659324,Magdalena del Mar,867,79,3,2,8
-12.16541,-76.9727136,San Juan de Miraflores,377,75,2,1,10
-12.0930697,-77.0305512,San Isidro,870,125,3,2,1
-12.0988895,-77.0306177,San Isidro,1800,160,4,2,19
-12.1278293,-77.0319733,Miraflores,1100,68,1,2,5
-12.090596,-77.0336594,San Isidro,772,43,1,1,2
-12.0817467,-77.0317326,Lince,667,56,2,2,3
-12.124233,-77.0342853,Miraflores,900,80,2,2,11
-12.0906686,-77.0228419,La Victoria,1043,62,2,2,2
-12.1292811,-77.0281308,Miraflores,1000,97,3,2,20
-12.0905583,-77.0283082,San Isidro,667,45,1,1,3
-12.1247695,-77.0373416,Miraflores,3300,226,3,3,7
-12.1659274,-77.0219007,Chorrillos,745,150,2,2,6
-12.1302499,-77.0212,Miraflores,725,48,1,1,16
-12.0596968,-77.1068059,Bellavista,342,56,1,1,13
-12.1541508,-77.0240662,Barranco,1350,146,2,3,12
-11.9287541,-77.0558182,Comas,348,50,3,1,7
-12.112193,-76.9810184,Santiago de Surco,1200,111,3,2,3
-12.1222724,-77.0358376,Miraflores,2600,210,2,2,10
-12.1416192,-76.9854632,Santiago de Surco,662,92,3,2,10
-12.1253816,-77.0239003,Miraflores,826,90,2,2,4
-12.0779825,-77.1034054,San Miguel,580,67,2,2,1
-12.1389799,-77.0177364,Barranco,754,45,1,1,2
-11.9449397,-77.0849992,San Martin de Porres,285,100,3,2,13
-12.1324815,-77.0043844,Santiago de Surco,1045,108,3,2,5
-12.1394792,-77.0221394,Barranco,800,50,1,1,1
-12.0859398,-77.0957501,San Miguel,667,62,2,2,8
-12.0731926,-77.1243914,La Perla,435,65,2,2,7
-12.0929211,-76.9993028,San Borja,953,97,3,3,15
-12.0888036,-77.0778511,San Miguel,667,80,3,2,15
-12.0946539,-77.031355,San Isidro,900,45,1,1,9
-12.1288008,-77.0267267,Miraflores,900,80,2,3,3
-12.0747116,-77.1010322,San Miguel,870,75,3,2,8
-12.06595,-77.0458381,Jesus Maria,629,53,2,2,5
-12.085389,-76.9871246,San Borja,261,35,1,1,11
-12.112339,-77.0101708,Surquillo,493,70,2,1,9
-12.0897785,-77.07144749999999,Magdalena del Mar,815,86,3,2,6
-12.0833579,-77.0142575,La Victoria,319,40,1,1,2
-12.142943,-77.0026235,Santiago de Surco,284,35,1,1,10
-12.0670334,-77.05933379999999,Cercado de Lima,290,45,1,1,6
-12.0773075,-77.0932887,San Miguel,290,40,1,1,8
-12.0684072,-77.0599386,Pueblo Libre,464,80,2,2,10
-12.1084699,-77.028702,Miraflores,500,45,1,1,15
-12.0942275,-77.0714506,Magdalena del Mar,406,60,1,1,8
-12.0990655,-77.0527398,San Isidro,4600,200,3,3,2
-12.129464100000002,-77.0258832,Miraflores,800,60,1,2,10
-12.1112292,-76.9963284,Surquillo,580,80,2,1,9
-12.0691658,-77.0799348,San Miguel,635,103,3,2,38
-12.1403749,-76.9823476,Santiago de Surco,660,80,3,1,1
-12.1141932,-76.9917618,Santiago de Surco,696,85,3,2,10
-12.1269883,-77.0269971,Miraflores,1049,90,3,3,10
-12.0721835,-77.1094178,La Perla,580,95,3,3,8
-12.0905583,-77.0283082,San Isidro,870,68,2,2,4
-12.1222856,-77.03207410000002,Miraflores,850,70,1,1,8
-12.0906708,-77.03227079999999,San Isidro,928,69,3,2,9
-12.1038329,-77.021718,San Isidro,783,69,3,2,9
-12.1196325,-77.0430732,Miraflores,1400,130,3,2,8
-12.1186295,-77.0418915,Miraflores,1250,100,2,2,14
-12.100934703029948,-77.05121970422975,San Isidro,3400,280,3,4,15
-12.1303918,-77.0176781,Miraflores,800,41,1,1,1
-12.1078335,-77.0221259,Miraflores,650,33,1,1,10
-11.9451163,-77.0586608,Comas,303,83,3,1,3
-12.1436625,-76.9867804,Santiago de Surco,275,32,1,1,10
-12.1163964,-77.0452694,Miraflores,825,58,2,2,10
-12.1274595,-77.0356089,Miraflores,950,100,3,3,20
-12.0754494,-77.0578393,Pueblo Libre,667,82,2,2,20
-12.0557093,-77.0575045,Cercado de Lima,406,65,2,2,9
-12.127623,-77.0281011,Miraflores,950,78,2,1,27
-12.1403133,-77.0211716,Barranco,667,42,1,1,4
-12.1225826,-77.0379945,Miraflores,1100,118,3,2,12
-12.0910245,-77.0510196,San Isidro,812,60,1,1,9
-12.0889531,-77.0141023,La Victoria,813,59,2,2,2
-12.0706969,-77.0763142,Pueblo Libre,580,46,1,1,10
-12.1219632,-77.0215783,Miraflores,770,52,1,1,10
-12.0919109,-77.0267979,San Isidro,1300,60,2,2,9
-12.1170384,-76.9945284,Santiago de Surco,816,72,2,1,15
-12.0777078,-77.0700763,Pueblo Libre,536,74,2,2,14
-12.1242825,-77.0220784,Miraflores,725,35,1,1,10
-12.0538553,-77.0538908,Cercado de Lima,668,63,3,2,6
-12.1472551,-77.018871,Barranco,638,65,3,2,5
-12.1155739,-77.0023063,Surquillo,580,70,2,1,35
-12.1395684,-77.0238406,Barranco,850,66,2,2,10
-12.1138902,-77.0477655,Miraflores,950,69,2,2,10
-12.1729065,-77.0000499,Chorrillos,638,119,3,2,10
-12.0847878,-77.08476,San Miguel,725,88,3,2,1
-12.0840462,-77.0568609,Jesus Maria,3100,360,10,3,20
-11.8683879,-77.0194658,Carabayllo,232,62,3,2,3
-12.0063312,-77.0844277,San Martin de Porres,495,120,3,1,30
-12.0859398,-77.0957501,San Miguel,493,45,1,1,12
-12.3345617,-76.8271758,Punta Hermosa,550,32,1,1,4
-12.1611168,-76.9643156,San Juan de Miraflores,246,55,2,1,1
-12.1202602,-77.0423505,Miraflores,810,74,1,2,20
-12.0942698,-77.0470915,San Isidro,1400,115,1,2,3
-12.1330598,-77.0263293,Miraflores,1299,100,2,2,15
-12.1209688,-77.0172747,Miraflores,723,70,1,1,20
-12.1050187,-77.0378843,San Isidro,1200,55,2,2,9
-12.1155504,-77.044683,Miraflores,800,67,2,2,12
-12.1345806,-77.0269382,Miraflores,1300,71,2,2,10
-12.1708198,-76.9969139,Chorrillos,650,70,3,2,10
-12.0884704,-76.9849804,San Borja,1100,97,2,2,5
-12.099257432399297,-77.04281182726722,San Isidro,6900,537,4,4,9
-12.0099809,-77.0705232,San Martin de Porres,457,84,3,2,5
-12.092622,-77.0420713,San Isidro,800,65,1,1,18
-12.1166147,-77.0140516,Miraflores,812,82,2,2,8
-12.0824235,-77.0460148,Jesus Maria,845,58,2,2,7
-12.0333526,-77.0873389,San Martin de Porres,382,81,3,1,7
-12.1345419,-77.0269854,Miraflores,1300,72,2,2,10
-12.120531,-77.04011,Miraflores,1200,95,2,2,8
-12.1105301,-77.0083734,Surquillo,510,55,1,1,20
-12.138499,-77.0171529,Santiago de Surco,690,50,1,2,8
-12.0886619,-77.03608969999999,San Isidro,536,25,1,1,9
-12.119096,-77.0303078,Miraflores,1900,190,3,2,10
-12.1255085,-77.0230449,Miraflores,841,50,2,2,10
-12.1237997,-77.0348612,Miraflores,1217,90,2,2,3
-12.1145283,-77.0030147,Surquillo,536,40,1,1,9
-12.0819061,-77.0459565,Jesus Maria,580,39,1,1,3
-12.1153633,-76.9852596,Santiago de Surco,1200,115,3,3,8
-12.1208957,-77.0415895,Miraflores,1590,160,3,3,12
-12.0795818,-77.0354968,Cercado de Lima,696,60,2,2,7
-12.0990705,-77.0199062,San Isidro,1950,265,3,4,12
-12.1378793,-77.0221155,Barranco,609,43,1,1,5
-12.0752186,-77.0424737,Jesus Maria,729,57,2,2,7
-12.111005,-77.035731,Miraflores,1335,74,2,2,10
-12.089953,-77.0342299,San Isidro,870,40,1,1,9
-12.0752186,-77.0424737,Jesus Maria,700,55,2,2,7
-12.096917,-76.9952484,San Borja,333,38,1,1,10
-12.1032017,-77.0300161,San Isidro,826,58,2,2,9
-12.1004022,-76.973029,Santiago de Surco,1300,150,3,2,12
-12.1504192,-77.0185799,Barranco,530,37,1,1,4
-12.1364868,-77.0224398,Barranco,900,70,2,2,4
-12.1394792,-77.0221394,Barranco,696,64,2,2,8
-12.1768871,-76.9912223,Chorrillos,522,100,3,2,7
-12.0973725,-77.057561,Magdalena del Mar,667,55,1,1,22
-12.2067936,-77.0123421,Chorrillos,594,110,3,3,10
-12.0859398,-77.0957501,San Miguel,520,52,1,1,7
-12.1288461,-77.0270043,Miraflores,1150,125,2,2,13
-12.1256284,-76.9959136,Santiago de Surco,640,120,1,2,9
-12.0879211208,-77.0290490112,Lince,860,71,2,2,4
-12.1041373,-77.0252229,Surquillo,445,60,2,1,2
-12.0991925,-77.039808,San Isidro,1623,157,3,3,6
-12.0824235,-77.0460148,Jesus Maria,870,99,3,2,17
-12.12747,-77.0357059,Miraflores,899,132,1,1,20
-12.3105294,-76.8420121,Punta Hermosa,400,55,1,1,4
-12.0860605,-77.0642851,Pueblo Libre,741,110,3,1,30
-12.0807464,-77.0350198,Lince,735,58,2,2,1
-12.121148,-77.0028228,Surquillo,590,50,1,1,50
-12.0919663,-77.0269591,San Isidro,850,63,1,1,9
-12.1665765,-77.0271943,Chorrillos,1058,140,1,2,14
-12.089994,-76.9918813,San Borja,2200,300,4,2,35
-12.0919109,-77.0267979,San Isidro,1100,60,2,2,9
-12.0980093,-76.9453707,La Molina,700,109,3,2,25
-12.1237997,-77.0348612,Miraflores,1200,84,3,1,19
-12.0858333,-77.04966739999999,Jesus Maria,850,98,3,1,30
-12.1341937,-76.982194,Santiago de Surco,714,100,2,1,25
-12.0795217,-77.0641991,Pueblo Libre,522,56,2,1,20
-12.0946251,-77.0508119,San Isidro,2490,234,4,4,7
-12.1187169,-77.0180125,Miraflores,890,101,3,3,15
-12.1403573,-77.0261157,Barranco,3300,480,3,3,16
-12.1279495,-77.0297974,Miraflores,1100,107,2,3,9
-12.0824047,-76.99518719999999,San Borja,1070,158,3,2,20
-12.0956657,-77.0596929,Magdalena del Mar,1101,85,3,2,8
-12.1310003,-77.0284441,Miraflores,850,85,2,2,18
-12.010048199999998,-77.081344,San Martin de Porres,593,117,3,3,10
-12.0505233,-77.0517316,Cercado de Lima,600,65,3,2,6
-12.085389,-76.9871246,San Borja,319,30,1,1,10
-12.0260739,-77.0801419,San Martin de Porres,593,117,3,3,10
-12.1305166,-77.023131,Miraflores,1850,176,2,3,5
-12.1311512,-77.007071,Santiago de Surco,855,60,2,2,4
-12.1209688,-77.0172747,Miraflores,753,80,1,1,10
-12.1127596,-76.9865324,Santiago de Surco,1400,150,2,2,10
-12.1070254,-77.0460742,San Isidro,4500,450,3,3,16
-12.1172281,-77.0391322,Miraflores,2000,190,3,2,10
-12.1151559,-76.9858295,Santiago de Surco,2000,200,3,2,6
-12.1728982,-76.9905524,Chorrillos,1368,92,9,5,17
-12.0732084,-77.1244189,La Perla,330,40,1,1,8
-11.9303924,-77.0357361,Comas,319,60,3,1,5
-12.0761112,-77.0806206,San Miguel,591,41,1,1,4
-12.1158981,-77.0331271,Miraflores,1300,100,3,2,10
-12.1069377,-77.01665899999999,Surquillo,580,48,1,1,3
-12.0921852,-77.01302559999999,San Isidro,1320,135,2,2,8
-12.1311691,-77.0028344,Santiago de Surco,1600,262,4,3,9
-12.0903157,-77.0833439,San Miguel,960,135,3,3,6
-12.0814966,-77.0985024,San Miguel,680,70,2,2,15
-12.0846767,-77.0145386,La Victoria,830,70,2,2,1
-12.144140854222837,-76.99055140520387,Santiago de Surco,362,35,1,1,10
-12.3416667,-76.8252778,Punta Hermosa,1000,133,3,2,27
-12.1114905,-76.9429543,La Molina,325,50,2,1,10
-12.1027383,-77.0157128,San Isidro,2200,225,4,3,19
-12.1095703,-77.0315462,Miraflores,870,80,2,2,1
-12.1242116,-77.0310906,Miraflores,1400,200,3,2,50
-12.1258495,-77.0269163,Miraflores,1235,77,2,2,10
-12.1106239,-76.9363494,La Molina,529,70,2,2,5
-12.1218662,-77.0256611,Miraflores,900,71,1,1,4
-12.0910696,-77.0584875,Magdalena del Mar,800,70,2,2,12
-12.0943616,-77.0778809,San Miguel,600,55,1,1,8
-12.1276347,-77.0216056,Miraflores,1500,135,2,2,5
-12.1270431,-77.0328783,Miraflores,739,40,1,1,51
-12.1270783,-77.0267614,Miraflores,720,86,2,1,30
-12.1394891,-77.0231343,Barranco,725,51,1,1,4
-12.1253816,-77.0239003,Miraflores,710,71,1,2,6
-12.1293976,-77.0315019,Miraflores,940,89,3,2,12
-12.0820686,-77.0446015,Jesus Maria,870,112,3,2,15
-12.0808278,-77.1068957,San Miguel,841,75,3,2,1
-12.1179436,-77.0352801,Miraflores,650,67,1,2,20
-12.0725549,-77.0660822,Pueblo Libre,667,89,3,2,9
-11.9796401,-77.0787773,San Martin de Porres,390,69,3,2,12
-12.1353764,-77.0258548,Miraflores,1200,130,3,2,31
-12.0830711,-77.0917913,San Miguel,522,84,3,2,10
-12.1288893,-76.9764124,Santiago de Surco,1188,107,3,2,10
-12.1098312,-77.0274636,Miraflores,939,61,2,2,10
-12.109695162406984,-77.03003718308105,Miraflores,670,66,2,1,19
-12.0824235,-77.0460148,Jesus Maria,840,58,2,2,7
-12.1250822,-77.022489,Miraflores,950,70,2,2,4
-12.1274328,-77.0019401,Santiago de Surco,515,87,2,1,15
-12.1050477,-77.0185916,San Isidro,609,40,1,1,9
-12.0772283,-77.046919,Jesus Maria,493,100,2,2,10
-12.0914471,-77.0448056,San Isidro,1000,86,2,2,5
-12.0937674,-77.0367772,San Isidro,1250,62,2,2,9
-12.1074415,-76.9837934,Santiago de Surco,3250,354,4,5,8
-12.1189673,-77.0379943,Miraflores,700,65,1,1,19
-12.0574018,-77.0445534,Cercado de Lima,600,90,3,2,10
-12.0885433,-77.0344659,San Isidro,840,75,2,2,5
-12.0929169,-77.0325545,San Isidro,536,41,1,1,29
-12.0942013,-77.0339175,San Isidro,800,80,1,1,8
-12.0937777,-77.0358586,San Isidro,725,70,2,1,2
-12.0160787,-76.9978211,San Juan de Lurigancho,261,38,1,1,20
-12.0882541,-77.071069,Magdalena del Mar,580,77,3,2,16
-12.1116399,-77.0313355,Miraflores,900,50,1,1,30
-12.0823274,-77.0895714,San Miguel,591,78,3,2,8
-12.1337285,-77.019601,Barranco,754,70,2,1,10
-12.0946251,-77.0508119,San Isidro,856,60,2,2,5
-12.0906686,-77.0228419,La Victoria,630,45,1,1,2
-12.0061292,-77.0833543,San Martin de Porres,258,60,1,1,5
-12.0953645,-77.0382923,San Isidro,1800,185,4,3,20
-12.0852163,-77.0532164,Jesus Maria,696,62,2,2,4
-12.1334506,-77.0223314,Miraflores,1500,121,3,2,2
-12.0582775,-77.115186,Callao,391,51,2,1,6
-12.1203186,-77.0052837,Surquillo,536,39,1,1,1
-12.1253816,-77.0239003,Miraflores,696,42,1,1,10
-12.1220374,-77.0055909,Surquillo,811,68,2,2,6
-12.0769521,-77.048365,Jesus Maria,970,80,3,2,9
-12.1034847,-77.0202152,San Isidro,770,80,2,2,8
-12.0837793,-77.0497655,Jesus Maria,841,58,2,2,7
-12.0927083,-77.0286505,San Isidro,900,45,1,1,9
-12.1811912,-77.0076143,Chorrillos,609,70,3,2,2
-12.1819635814,-77.0075856561,Chorrillos,580,70,3,2,2
-12.1348502,-77.0202129,Barranco,800,70,2,2,10
-12.1338812,-76.9988466,Santiago de Surco,638,80,2,1,10
-12.1768871,-76.9912223,Chorrillos,860,120,3,2,5
-12.1231283,-77.0241603,Miraflores,790,78,2,2,12
-12.0946479,-77.0240633,San Isidro,1300,100,2,2,9
-12.1085037,-76.9662426,Santiago de Surco,950,125,3,4,10
-12.0958425,-77.0234922,San Isidro,890,45,1,1,1
-12.1708139,-77.0191264,Chorrillos,445,70,2,1,15
-12.1794304,-76.9992089,Chorrillos,445,45,1,1,25
-12.1118501,-76.9997622,Surquillo,507,90,2,1,9
-12.0816445,-77.0223584,La Victoria,232,30,1,1,2
-12.0698899,-77.0496405,Brena,377,40,1,1,10
-12.0280319,-77.0501054,San Martin de Porres,348,75,3,1,5
-12.1483996,-76.9865081,Santiago de Surco,522,70,2,1,10
-12.0747001,-77.0794558,San Miguel,559,52,2,1,32
-12.1207981,-76.999195,Surquillo,783,126,3,2,13
-12.08304,-77.0917584,San Miguel,580,82,3,2,12
-12.1000565,-76.970401,Santiago de Surco,870,96,3,3,15
-12.1214114,-77.0415396,Miraflores,2200,190,3,2,20
-12.0899582,-77.0659856,Magdalena del Mar,797,60,2,2,8
-12.1189673,-77.0379943,Miraflores,700,70,1,1,25
-12.132105412171056,-77.02827676557852,Miraflores,895,63,1,1,9
-12.1203469,-76.9753367,Santiago de Surco,1200,92,2,2,10
-12.1378954,-77.02248,Barranco,770,36,1,1,5
-12.0998079,-77.0377714,San Isidro,1800,100,2,2,26
-12.1378954,-77.02248,Barranco,813,38,1,1,5
-12.0671677,-77.0981214,San Miguel,463,75,2,1,12
-12.153111,-77.0230768,Barranco,914,50,1,1,8
-12.1236530185221,-77.01778530692368,Miraflores,1700,109,3,2,2
-12.1253816,-77.0239003,Miraflores,725,42,1,1,10
-12.0922804,-77.039633,San Isidro,600,90,1,1,12
-12.1039487,-77.018325,San Isidro,750,66,2,2,4
-12.1822796,-76.9653786,San Juan de Miraflores,587,160,5,2,10
-11.8904513,-77.0269923,Carabayllo,348,120,3,1,1
-12.0755162,-77.0841503,San Miguel,464,65,2,1,8
-12.0946251,-77.0508119,San Isidro,1450,154,3,2,11
-12.1291298,-77.0333814,Miraflores,1680,188,3,4,12
-12.0941334,-77.0393497,San Isidro,600,52,1,1,18
-12.1409507,-77.0090012,Santiago de Surco,551,76,3,2,19
-12.1226163,-76.9989125,Santiago de Surco,870,110,3,3,10
-12.1253816,-77.0239003,Miraflores,1600,240,4,3,41
-12.1030666,-76.9801881,Santiago de Surco,1200,184,3,3,20
-12.0974182,-77.0393885,San Isidro,5000,507,5,5,15
-12.0979845,-77.0692555,Magdalena del Mar,609,60,1,1,10
-12.0543778,-77.0066916,Cercado de Lima,348,55,2,1,2
-12.0820087,-77.1040299,San Miguel,478,40,1,1,1
-12.1303918,-77.0176781,Miraflores,1500,80,3,2,1
-12.1308174,-77.00172049999999,Santiago de Surco,941,76,3,2,1
-12.0889539,-77.0625523,Magdalena del Mar,820,80,3,2,8
-12.095232,-77.047177,San Isidro,1700,160,2,3,10
-12.1076337,-77.0018447,San Borja,667,84,3,1,40
-12.1312236,-77.0055055,Santiago de Surco,1800,252,4,4,12
-12.1179436,-77.0352801,Miraflores,855,84,2,2,13
-12.1392443,-77.0231987,Barranco,725,40,1,1,3
-12.1253953,-77.0289419,Miraflores,1250,73,2,2,10
-12.0931453,-77.0249345,San Isidro,1150,68,2,2,3
-12.1242116,-77.0310906,Miraflores,620,60,1,1,13
-12.0931453,-77.0249345,San Isidro,1184,60,2,2,7
-12.1129092,-77.0467371,Miraflores,940,60,2,2,10
-12.0990655,-77.0527398,San Isidro,2300,185,3,2,15
-12.1177803,-76.9753231,Santiago de Surco,1560,257,4,4,17
-12.09532419329322,-77.04720575092621,San Isidro,1700,155,2,3,10
-12.1591385,-76.99376339999999,Santiago de Surco,725,70,3,2,6
-11.9301639,-77.0649192,Comas,383,75,3,2,5
-12.1253816,-77.0239003,Miraflores,1014,80,3,3,10
-12.1520684,-76.9891762,Santiago de Surco,285,35,1,1,2
-12.1292811,-77.0281308,Miraflores,3900,274,4,5,3
-12.1220374,-77.0055909,Surquillo,812,75,2,2,3
-12.1223782,-77.0287708,Miraflores,1200,120,3,2,25
-12.0889615,-77.0278315,Lince,928,105,4,3,7
-12.1572169,-77.0237336,Chorrillos,1254,61,2,2,5
-12.0527188,-77.1150824,Callao,551,71,3,2,11
-12.1168602,-76.9387285,La Molina,580,86,3,2,10
-12.1118070510682,-77.00285482653034,Surquillo,304,30,1,1,10
-12.119096,-77.0303078,Miraflores,1050,69,2,2,10
-12.117919,-77.00589699999999,Surquillo,612,65,2,1,25
-12.1196711,-77.0394415,Miraflores,800,67,2,1,17
-12.0761369,-77.0659012,Pueblo Libre,638,80,3,1,28
-12.113759299999998,-76.9737755,Santiago de Surco,1086,172,3,3,30
-12.0929986,-77.0486209,San Isidro,4900,398,3,5,2
-12.0973725,-77.057561,Magdalena del Mar,1200,99,2,2,28
-11.9271539,-77.0564255,Comas,348,84,3,1,1
-12.1378879,-77.024756,Barranco,1625,110,2,2,7
-12.1220933,-77.025372,Miraflores,754,61,1,1,10
-12.1041582,-77.0256457,Surquillo,670,53,2,2,7
-12.0269092,-77.0678061,San Martin de Porres,449,128,4,4,7
-12.12747,-77.0357059,Miraflores,2500,182,3,3,23
-12.12886440886292,-77.03420275501708,Miraflores,3300,210,3,2,29
-12.1161186,-77.00453999999999,Surquillo,800,110,3,3,9
-12.125655564946891,-77.03696629364015,Miraflores,1700,115,2,2,15
-11.9767565,-77.083262,San Martin de Porres,290,80,2,2,12
-12.1213206,-77.0391126,Miraflores,1217,115,3,2,14
-12.1405385,-77.0241077,Barranco,760,50,1,1,4
-12.0927083,-77.0286505,San Isidro,1072,63,2,2,9
-12.0845138,-77.0506799,Jesus Maria,800,50,1,1,2
-12.0962532,-77.0338627,San Isidro,860,62,1,1,16
-12.1118501,-76.9997622,Surquillo,850,170,4,3,20
-12.0893874,-77.0839199,San Miguel,524,63,3,2,22
-12.1126190406,-76.9338174698,La Molina,348,42,1,1,10
-12.095037338943817,-77.0052413640625,San Borja,1130,90,2,3,7
-12.161815194233112,-76.99245940768081,Santiago de Surco,348,36,1,1,15
-12.1175341,-76.9932428,Santiago de Surco,725,120,2,3,16
-12.0647645,-77.0389234,Cercado de Lima,725,62,2,2,4
-12.1851763,-77.0097657,Chorrillos,696,155,3,2,20
-12.0885433,-77.0344659,San Isidro,594,50,1,1,3
-12.1271726,-77.0046381,Miraflores,470,40,1,1,20
-12.1282973,-77.031466,Miraflores,1000,80,2,2,10
-12.1337057,-77.028807,Miraflores,4000,436,3,3,9
-12.1143882,-77.0006415,Surquillo,493,58,2,1,10
-12.096911,-76.9732835,Santiago de Surco,1400,110,3,3,10
-12.1268449,-77.0211224,Miraflores,1200,102,2,2,10
-12.0854642,-77.0200725,La Victoria,696,64,2,2,1
-12.0554492,-77.0924265,Bellavista,500,83,3,2,13
-12.1267872,-77.028838,Miraflores,1000,60,2,2,10
-12.1174414,-77.0456645,Miraflores,1300,210,2,1,30
-12.1178386,-77.0087067,Surquillo,1200,117,3,2,3
-12.1403573,-77.0261157,Barranco,2500,155,3,2,10
-12.1217806,-77.0304221,Miraflores,899,65,2,2,10
-12.1293959,-77.0298098,Miraflores,1460,140,2,2,8
-12.1187564,-77.0219848,Miraflores,720,150,2,2,20
-12.1017341,-76.9493103,La Molina,580,100,3,2,25
-12.1237205,-77.0324487,Miraflores,925,91,2,2,20
-12.0939186,-77.0343933,San Isidro,4500,215,3,2,50
-12.1436217124,-77.0219195857,Barranco,960,82,2,2,3
-12.0919109,-77.0267979,San Isidro,700,45,1,1,9
-12.1403573,-77.0261157,Barranco,1999,155,3,2,11
-12.2386379,-76.9294807,Villa el Salvador,348,54,2,1,9
-12.1130964,-76.997104,Surquillo,986,100,2,2,9
-12.0888479,-77.0110117,La Victoria,507,40,1,1,2
-11.9847811,-76.9969435,San Juan de Lurigancho,348,105,3,1,6
-12.0793565,-77.0516804,Jesus Maria,739,95,3,1,19
-12.1537366,-77.0231869,Barranco,668,40,1,1,7
-12.0762758,-77.0585598,Pueblo Libre,380,50,1,1,7
-12.1231667,-77.0212057,Miraflores,478,45,1,1,5
-12.1270431,-77.0328783,Miraflores,850,90,2,2,16
-12.0823902,-77.0467542,Jesus Maria,769,70,2,2,5
-12.0754329,-77.0922756,San Miguel,493,41,1,1,4
-12.0654585,-77.0536864,Cercado de Lima,754,79,3,2,2
-12.0905583,-77.0283082,San Isidro,899,72,2,2,12
-12.0861794,-77.0447359,San Isidro,725,65,2,2,7
-12.1247619,-77.0222359,Miraflores,783,40,1,1,10
-12.0795702,-77.0501844,Jesus Maria,754,70,2,2,6
-12.1405385,-77.0241077,Barranco,750,42,1,1,10
-12.0964031,-77.023039,San Isidro,1000,60,2,2,4
-12.067924,-77.0736657,Cercado de Lima,725,58,2,2,6
-12.1754979,-76.9775634,San Juan de Miraflores,348,75,2,2,8
-12.119096,-77.0303078,Miraflores,2000,156,3,2,10
-12.2086907,-77.0188688,Chorrillos,813,134,3,2,10
-12.0829726,-76.9789245,Santiago de Surco,1300,178,4,4,1
-12.0910953,-77.0273658,San Isidro,851,60,2,2,9
-12.1279138,-77.0260353,Miraflores,1100,60,2,2,3
-12.1188735,-77.0359687,Miraflores,900,85,2,3,10
-12.0899144,-77.0838119,San Miguel,655,50,2,2,8
-12.0927368,-77.0428898,San Isidro,900,90,2,2,50
-12.1428427,-77.0201817,Barranco,493,58,2,1,18
-12.0986583,-76.9450164,La Molina,850,121,3,3,25
-12.1005308,-77.0622893,Magdalena del Mar,872,85,2,2,9
-12.0946251,-77.0508119,San Isidro,677,40,1,1,9
-12.0890156,-77.0326969,San Isidro,435,32,1,1,12
-12.0894767,-77.0271142,Lince,725,47,1,1,3
-12.1114454,-77.0345503,Miraflores,2400,200,1,2,9
-12.1288008,-77.0267267,Miraflores,1000,99,3,2,15
-12.105601,-76.941897,La Molina,973,130,2,2,17
-12.1050964,-77.0208553,Surquillo,735,60,2,2,7
-12.0834929,-77.0562751,Jesus Maria,770,66,2,2,7
-12.089143299999998,-77.0702133,Magdalena del Mar,667,95,3,2,12
-12.0833647,-77.0541744,Jesus Maria,870,60,2,2,7
-12.1144176,-76.9932892,Santiago de Surco,950,110,1,1,38
-12.0946539,-77.031355,San Isidro,950,48,1,1,9
-12.078514474,-76.9676755714,La Molina,1220,156,3,2,38
-12.1196767,-76.9693468,Santiago de Surco,3480,385,4,3,20
-12.0627848,-77.0788188,Cercado de Lima,725,77,3,2,1
-12.1253953,-77.0289419,Miraflores,990,77,2,2,10
-12.0860764,-76.9010989,La Molina,580,70,2,1,18
-12.1158084,-77.0068344,Surquillo,957,105,3,3,6
-12.0914507,-76.972944,Santiago de Surco,2100,212,3,3,18
-12.096061,-77.0323195,San Isidro,900,48,1,1,3
-12.1614069,-76.9965571,Santiago de Surco,580,82,3,2,10
-12.1128098,-77.0499044,Miraflores,2800,180,3,3,13
-12.087439979,-77.0395909144,San Isidro,830,59,2,2,9
-12.1118279,-77.0000365,Surquillo,464,60,2,1,10
-12.0919109,-77.0267979,San Isidro,800,45,1,1,5
-12.1282504,-76.9740926,Santiago de Surco,1700,249,3,3,13
-12.0771449,-77.1006617,San Miguel,725,65,2,2,10
-12.1155871,-77.0272961,Miraflores,522,60,2,2,35
-12.1130982,-76.9971037,Surquillo,667,70,2,1,7
-12.0990655,-77.0527398,San Isidro,4000,205,3,2,40
-12.1046239,-77.0216109,Surquillo,638,65,2,1,19
-12.0721435,-77.1051242,San Miguel,232,30,1,1,10
-12.0761777,-76.8997597,La Molina,5000,1180,4,3,10
-12.1149745,-77.0117894,Surquillo,740,59,2,2,9
-12.0745424,-77.0524168,Jesus Maria,609,40,1,1,7
-12.0768632,-77.0495569,Jesus Maria,609,40,1,1,7
-12.08425096398564,-77.08960928999632,San Miguel,522,83,2,2,5
-12.0477401,-77.035026,Cercado de Lima,551,76,2,1,44
-12.0818117,-77.1038417,San Miguel,609,76,3,3,8
-12.0805964,-77.0598567,Pueblo Libre,825,72,2,1,10
-12.0683779,-77.0911114,San Miguel,530,50,1,1,8
-12.0679985,-77.04756809999999,Jesus Maria,581,70,3,2,13
-12.1249524,-77.0370647,Miraflores,2000,210,3,2,12
-12.1293959,-77.0298098,Miraflores,1300,95,3,2,10
-12.1020992,-77.0578134,San Isidro,638,35,1,1,1
-12.1094512,-77.0393856,Miraflores,2200,150,3,4,4
-12.0761112,-77.0806206,San Miguel,765,77,3,2,8
-12.1137552,-76.9832196,Santiago de Surco,2145,160,3,3,1
-12.0779762,-77.0889109,San Miguel,493,70,2,1,8
-12.0841174,-77.0474077,Jesus Maria,522,80,3,2,7
-12.0899582,-77.0659856,Magdalena del Mar,1072,91,3,2,8
-12.1275931,-77.0095917,Miraflores,410,36,1,1,30
-12.0846557,-77.034531,Lince,348,40,1,1,5
-12.108925171457274,-76.96836927036132,Santiago de Surco,1000,112,3,3,10
-12.0808281,-77.0584176,Pueblo Libre,638,75,3,2,8
-12.0651757,-77.0562656,Cercado de Lima,580,78,3,2,14
-12.1130092,-76.933506,La Molina,362,60,1,1,7
-12.1088119,-76.9986194,San Borja,765,100,2,2,40
-12.1211874,-77.0390256,Miraflores,1200,110,3,2,12
-12.09433975092749,-77.03463384121706,San Isidro,850,80,1,1,13
-12.1353995,-77.027611,Miraflores,1650,153,3,2,25
-12.1020561,-77.0338587,San Isidro,750,80,1,2,13
-12.141424699999998,-76.9999582,Santiago de Surco,667,64,1,1,10
-12.0981788,-77.0552299,San Isidro,950,100,2,3,15
-12.12747,-77.0357059,Miraflores,1600,130,2,3,11
-12.0853992,-77.0488879,San Isidro,1000,54,2,2,10
-12.0795702,-77.0501844,Jesus Maria,639,60,2,2,1
-12.1302499,-77.0212,Miraflores,650,37,1,1,1
-12.0973835,-77.0322344,San Isidro,1000,62,2,2,3
-12.1340857,-77.0281975,Miraflores,1200,130,3,3,20
-12.0840164,-77.0469341,Jesus Maria,957,87,3,3,8
-12.120345,-77.0250496,Miraflores,970,68,3,2,10
-12.1159214,-77.0324274,Miraflores,790,70,1,1,16
-12.1373546,-77.0219119,Barranco,950,85,2,2,10
-12.1099869,-77.0496178,Miraflores,1200,89,3,2,10
-12.1270431,-77.0328783,Miraflores,1200,120,2,3,9
-12.0946251,-77.0508119,San Isidro,780,70,2,1,12
-12.0910696,-77.0584875,Magdalena del Mar,652,40,1,1,1
-12.0853992,-77.0488879,San Isidro,990,61,2,2,9
-12.1378879,-77.024756,Barranco,700,55,1,1,3
-12.1439689,-77.0017548,Santiago de Surco,682,105,3,3,10
-12.0967296,-77.0190645,San Isidro,470,30,1,1,8
-12.1118501,-76.9997622,Surquillo,493,65,2,1,10
-12.0548808,-76.9813883,El Agustino,435,65,3,2,9
-12.0927959,-76.9948325,San Borja,1304,166,3,3,34
-12.1263519,-76.9887488,Santiago de Surco,670,70,2,1,20
-12.1270783,-77.0267614,Miraflores,790,70,1,1,10
-12.122428,-77.0350003,Miraflores,875,90,3,2,15
-12.07326,-77.0490886,Jesus Maria,913,80,3,2,2
-12.0946539,-77.031355,San Isidro,1100,60,2,2,9
-12.1813659,-77.0062404,Chorrillos,609,69,3,2,9
-12.0877097,-77.0614286,Magdalena del Mar,580,40,1,1,3
-12.0853992,-77.0488879,San Isidro,667,48,1,1,2
-12.1400566,-77.0154238,Santiago de Surco,725,45,1,1,4
-12.0944807,-76.9974109,San Borja,1500,240,4,3,18
-12.0895444,-77.0256499,Lince,812,70,3,2,3
-12.1405385,-77.0241077,Barranco,600,40,1,1,9
-12.0899582,-77.0659856,Magdalena del Mar,770,60,2,2,2
-12.0787957,-77.0594949,Pueblo Libre,493,40,1,1,1
-12.1023984,-77.0290282,San Isidro,820,47,1,1,2
-12.1022152,-77.0307816,San Isidro,800,55,1,2,26
-12.0966821,-76.9813965,Santiago de Surco,1300,177,5,2,14
-12.1394891,-77.0231343,Barranco,2600,190,2,3,3
-12.1097344,-76.9685233,Santiago de Surco,825,60,2,2,4
-12.0889531,-77.0141023,La Victoria,880,84,3,2,1
-12.0974182,-77.0393885,San Isidro,1400,90,1,1,31
-12.066757,-77.0543135,Brena,552,34,1,1,10
-12.0920492,-77.0649069,Magdalena del Mar,700,85,1,1,8
-12.1518424,-77.0195535,Barranco,725,60,2,2,3
-12.0949224,-77.0588951,Magdalena del Mar,725,47,1,1,2
-12.0732084,-77.1244189,La Perla,724,75,3,2,3
-11.9929655842,-77.0854931916,San Martin de Porres,800,65,3,2,10
-12.1231682,-77.0319569,Miraflores,870,62,1,1,4
-12.0782247,-77.0356511,Cercado de Lima,667,55,2,2,8
-12.070885,-77.1045717,San Miguel,551,60,1,1,8
-12.136633,-77.01007,Santiago de Surco,795,100,3,2,15
-12.1096643,-77.0492225,Miraflores,1043,76,2,2,3
-12.1253816,-77.0239003,Miraflores,1507,132,3,2,5
-12.0871034,-77.0833748,San Miguel,464,60,2,1,10
-12.129128,-77.0235121,Miraflores,1000,107,3,2,12
-12.126687,-77.0023473,Santiago de Surco,986,99,3,2,10
-12.0898031,-77.0283926,San Isidro,650,47,1,1,9
-12.1391606,-77.0232315,Barranco,850,50,1,1,5
-12.079367799999998,-77.1040265,San Miguel,647,62,3,2,8
-12.0910953,-77.0273658,San Isidro,1100,61,2,2,1
-12.0826427,-77.1036331,San Miguel,500,50,1,1,5
-12.110515,-77.0461647,Miraflores,1450,110,3,2,10
-12.1279138,-77.0260353,Miraflores,1200,110,2,2,10
-12.1118501,-76.9997622,Surquillo,681,73,2,2,7
-12.1141932,-76.9917618,Santiago de Surco,812,95,2,2,10
-12.0677356,-77.0474958,Jesus Maria,478,40,1,1,5
-12.0165318,-77.04231109999999,Rimac,319,51,2,1,3
-12.139283,-77.0233919,Barranco,800,60,2,2,4
-12.1563826,-76.9878105,Santiago de Surco,494,73,2,1,10
-12.1179436,-77.0352801,Miraflores,783,65,1,1,12
-12.0926454,-77.0592068,Magdalena del Mar,1300,135,3,3,9
-12.0889531,-77.0141023,La Victoria,826,59,2,2,2
-12.0817974,-77.01227670000002,La Victoria,555,56,2,2,2
-12.085525898870708,-77.07946063964175,San Miguel,638,70,3,2,8
-12.0809746,-77.0120345,La Victoria,696,95,2,2,2
-12.0910696,-77.0584875,Magdalena del Mar,650,45,1,1,1
-12.0760714,-77.0677099,Pueblo Libre,725,84,2,2,15
-12.1284811,-77.0250871,Miraflores,800,64,2,2,10
-12.090596,-77.0336594,San Isidro,928,64,2,2,2
-12.079713,-76.983715,Ate,670,140,3,2,25
-12.110515,-77.0461647,Miraflores,1600,100,2,2,15
-12.0999956,-77.0377804,San Isidro,1650,150,3,2,10
-12.0748018,-77.052938,Jesus Maria,780,77,3,2,1
-12.1391606,-77.0232315,Barranco,816,50,1,1,5
-12.1262013,-76.9947369,Santiago de Surco,1200,133,3,2,8
-12.0885433,-77.0344659,San Isidro,950,90,3,2,9
-12.112567600000002,-77.0411931,Miraflores,1600,100,2,2,11
-12.119096,-77.0303078,Miraflores,2000,190,3,2,3
-12.0824235,-77.0460148,Jesus Maria,869,85,3,2,7
-12.1392266,-76.9880237,Santiago de Surco,536,40,1,1,10
-12.1302499,-77.0212,Miraflores,800,80,2,2,10
-12.0809746,-77.0120345,La Victoria,800,54,2,2,2
-12.0785136,-77.0581053,Pueblo Libre,580,84,4,1,37
-12.0785136,-77.0581053,Pueblo Libre,696,108,3,1,37
-12.066757,-77.0543135,Brena,464,68,2,1,20
-12.1269175,-77.0295177,Miraflores,768,80,2,1,32
-12.0982058,-77.070606,Magdalena del Mar,812,57,2,2,6
-12.0842583,-77.0252778,La Victoria,598,38,1,1,4
-12.1009775,-77.0608705,Magdalena del Mar,800,70,2,2,10
-12.0819061,-77.0459565,Jesus Maria,930,85,3,2,7
-12.0647645,-77.0389234,Cercado de Lima,710,62,2,2,6
-12.0833647,-77.0541744,Jesus Maria,605,42,1,1,7
-12.1261249,-77.0202534,Miraflores,2600,341,5,3,30
-12.098164,-77.0289929,San Isidro,1200,60,2,2,9
-12.0908702,-77.0500951,San Isidro,2500,202,3,3,5
-12.0908702,-77.0500951,San Isidro,2000,150,2,2,4
-12.0946679,-77.0290306,San Isidro,1391,109,2,2,9
-12.1279138,-77.0260353,Miraflores,1220,73,2,2,10
-12.1267872,-77.028838,Miraflores,880,61,2,2,10
-12.0938354,-77.0508171,San Isidro,1800,159,3,2,29
-12.1253816,-77.0239003,Miraflores,960,79,2,2,11
-12.0772514,-77.1144402,La Perla,493,56,2,2,2
-12.0861011,-77.0413595,Lince,551,50,1,1,15
-12.0945281,-77.0467,San Isidro,780,45,1,1,33
-12.132383,-77.0276738,Miraflores,1100,125,2,4,13
-12.1039636518,-76.9828464291,Santiago de Surco,2280,284,3,4,9
-12.0953873,-77.0482875,San Isidro,650,55,1,1,15
-12.0959211,-77.0493116,San Isidro,700,55,1,1,15
-12.0898156,-77.0685973,Magdalena del Mar,1072,73,3,2,15
-12.0885433,-77.0344659,San Isidro,960,90,3,3,12
-12.0794141,-77.1040866,San Miguel,494,50,1,1,8
-12.10041509967292,-77.051932255542,San Isidro,1100,120,3,2,32
-12.1121939,-77.0401495,Miraflores,1200,124,2,2,11
-12.1121939,-77.0401495,Miraflores,1350,107,2,2,15
-12.1242142,-77.0129493,Miraflores,950,120,2,2,8
-12.0639763,-77.0589533,Cercado de Lima,491,78,2,2,1
-12.1096643,-77.0492225,Miraflores,800,64,2,2,10
-12.119096,-77.0303078,Miraflores,1100,100,3,2,7
-12.1353995,-77.027611,Miraflores,1800,160,3,2,42
-12.1226096,-77.0307141,Miraflores,1350,120,3,2,16
-12.12747,-77.0357059,Miraflores,2300,200,3,2,26
-12.1194236,-76.9863356,Santiago de Surco,1800,191,3,2,17
-12.0819996,-77.1012571,San Miguel,623,56,2,2,8
-12.0893981,-77.0336794,San Isidro,590,50,1,1,2
-12.0725376,-77.0877305,San Miguel,435,48,1,1,6
-12.0966952,-77.0437063,San Isidro,1500,152,3,3,22
-12.1279138,-77.0260353,Miraflores,826,80,3,2,20
-12.1027523,-77.0259014,San Isidro,667,35,1,1,9
-12.0845138,-77.0506799,Jesus Maria,580,33,1,1,15
-12.0683779,-77.0911114,San Miguel,765,79,3,2,5
-12.1149745,-77.0117894,Surquillo,688,78,3,2,10
-12.1215759,-76.9800506,Santiago de Surco,1100,103,2,2,10
-12.1309227,-77.0124979,Santiago de Surco,1180,115,2,2,5
-12.1354421,-77.0256864,Miraflores,1700,135,3,2,7
-12.02770466607336,-77.03209944921264,Rimac,756,180,4,3,10
-12.1187169,-77.0180125,Miraflores,696,62,2,1,14
-12.0829229,-77.067199,Pueblo Libre,696,75,3,2,13
-12.0706969,-77.0763142,Pueblo Libre,435,60,2,1,10
-12.1163964,-77.0452694,Miraflores,1045,87,2,2,10
-12.2392677,-76.9070695,Lurin,260,45,0,1,1
-12.1279138,-77.0260353,Miraflores,1050,120,3,2,15
-12.0876569,-77.0532248,Jesus Maria,1800,137,2,1,25
-12.1069072,-77.0444031,San Isidro,5500,300,3,3,15
-12.1337057,-77.028807,Miraflores,3500,210,3,3,10
-12.1208223,-76.9795741,Santiago de Surco,1200,110,2,3,12
-12.0769521,-77.048365,Jesus Maria,696,64,2,2,5
-12.1288008,-77.0267267,Miraflores,1050,90,3,3,15
-12.0947197,-77.06916770000001,Magdalena del Mar,609,86,3,2,10
-12.1270431,-77.0328783,Miraflores,1000,60,2,2,10
-12.017178,-77.041458,Rimac,638,86,3,2,4
-12.07252,-77.0515629,Pueblo Libre,660,55,2,2,3
-12.0926066,-77.0613394,Magdalena del Mar,1000,70,2,2,8
-12.0630131,-77.0580992,Cercado de Lima,316,45,1,1,12
-12.1187169,-77.0180125,Miraflores,780,80,3,2,3
-12.07326,-77.0490886,Jesus Maria,696,60,2,2,7
-11.9462391,-77.0808796,San Martin de Porres,345,50,2,1,7
-12.1336749,-77.0147871,Santiago de Surco,812,64,2,2,10
-12.0749561,-77.014704,La Victoria,522,75,2,1,35
-12.123537633483098,-77.01636105393678,Miraflores,1390,90,2,2,1
-12.1288008,-77.0267267,Miraflores,768,70,2,2,8
-12.1075167,-76.9896662,Santiago de Surco,2200,160,3,2,19
-12.1587836,-76.99157749999999,Santiago de Surco,608,55,2,1,5
-12.1177319,-77.0086389,Surquillo,1188,105,2,2,3
-12.1359891,-76.9996426,Santiago de Surco,493,62,1,1,15
-12.0647645,-77.0389234,Cercado de Lima,754,62,2,2,6
-12.1385595,-77.0211984,Barranco,540,41,1,1,3
-12.0824235,-77.0460148,Jesus Maria,464,65,2,1,10
-12.0710331,-77.0413365,Cercado de Lima,522,65,2,1,10
-12.0846557,-77.034531,Lince,493,65,2,1,10
-12.0665331,-77.0430093,Cercado de Lima,812,75,3,2,14
-12.1373223,-77.0223959,Barranco,750,45,1,1,5
-12.0846557,-77.034531,Lince,522,65,2,1,10
-12.0919189,-77.0537245,San Isidro,493,65,2,1,10
-12.0893981,-77.0336794,San Isidro,435,65,2,1,10
-12.0678193,-77.0696837,Cercado de Lima,464,60,2,1,10
-12.0751795,-77.0536984,Jesus Maria,507,65,2,1,10
-12.0773665,-77.0622797,Pueblo Libre,522,65,2,1,10
-12.0960033,-77.016362,San Isidro,1400,120,3,3,20
-12.1417845,-76.9952306,Santiago de Surco,663,120,3,2,21
-12.1356514,-77.0229249,Barranco,745,45,1,1,7
-12.3304971,-76.8300594,Punta Hermosa,750,100,2,2,2
-12.1279138,-77.0260353,Miraflores,2300,177,4,4,7
-12.102159,-77.0202973,San Isidro,850,58,2,2,9
-12.0761112,-77.0806206,San Miguel,530,45,1,1,1
-12.120906,-77.02473,Miraflores,1000,120,3,3,8
-12.0824235,-77.0460148,Jesus Maria,696,69,3,2,5
-12.0925934,-77.062688,Magdalena del Mar,1200,61,2,2,8
-12.072211028063206,-77.06322243221454,Pueblo Libre,754,62,2,2,10
-12.1161636,-76.9812806,Santiago de Surco,1200,153,3,2,22
-12.0810134,-77.0583876,Jesus Maria,536,44,1,1,1
-12.0929169,-77.0325545,San Isidro,650,45,1,1,3
-12.0551075,-77.0466874,Cercado de Lima,696,76,3,2,6
-12.102159,-77.0202973,San Isidro,826,58,2,2,9
-12.1027383,-77.0157128,San Isidro,725,96,1,2,8
-12.0817467,-77.0317326,Lince,884,67,3,2,5
-12.0851009,-77.048867,Jesus Maria,783,98,3,2,25
-12.0968436,-77.0105753,San Isidro,535,55,1,1,20
-12.0914641,-77.0323346,San Isidro,887,63,2,2,5
-12.0814692,-77.0216248,La Victoria,536,40,1,1,2
-12.1395168,-77.0238954,Barranco,696,50,1,1,10
-12.1247619,-77.0222359,Miraflores,725,35,1,1,10
-12.093072,-77.0556424,Magdalena del Mar,841,69,2,2,2
-12.1346445,-76.9970182,Santiago de Surco,1130,125,3,2,3
-12.0824235,-77.0460148,Jesus Maria,667,40,1,1,1
-12.0654584,-77.0442526,Cercado de Lima,645,56,2,2,6
-12.1357889,-77.0209113,Barranco,1000,74,1,1,10
-12.0916844,-77.011683,San Isidro,485,52,1,1,9
-12.0850154,-77.020407,La Victoria,2800,200,5,4,50
-12.1211874,-77.0390256,Miraflores,1600,135,4,3,25
-12.1203765,-77.0065505,Surquillo,870,65,3,2,9
-12.0642922,-77.0379448,Cercado de Lima,605,44,1,1,6
-12.0651705,-77.0433714,Cercado de Lima,605,44,1,1,6
-12.1040345,-77.0314202,Miraflores,812,82,3,2,10
-12.0920494,-77.0313155,San Isidro,900,62,2,2,9
-12.1201755,-77.0342454,Miraflores,957,98,2,2,9
-12.1171019,-76.9356421,La Molina,928,120,3,2,10
-12.1302499,-77.0212,Miraflores,1130,76,3,2,10
-12.0990655,-77.0527398,San Isidro,2200,180,3,2,36
-12.0941641,-77.0590991,Magdalena del Mar,870,90,3,2,8
-12.07981514197414,-77.10736730740967,San Miguel,721,74,3,2,10
-12.1247619,-77.0222359,Miraflores,1500,210,4,3,14
-12.0798861,-77.1075071,San Miguel,648,76,3,2,6
-12.0647645,-77.0389234,Cercado de Lima,800,80,2,2,8
-12.0280598,-77.0568402,San Martin de Porres,348,70,1,1,20
-12.0853026,-77.0970354,San Miguel,696,70,2,2,5
-12.116718399999998,-77.0468745,Miraflores,1450,123,2,2,15
-12.094447537227506,-77.04896578518067,San Isidro,652,45,1,1,16
-12.0845479,-77.0245351,La Victoria,652,51,2,2,1
-12.1158981,-77.0331271,Miraflores,1100,80,3,2,10
-12.0791431,-77.0950415,San Miguel,667,75,2,1,5
-12.1618814,-76.9923833,Santiago de Surco,348,36,1,1,6
-12.1160068,-77.035379,Miraflores,1050,80,3,2,10
-12.093958741597964,-77.0577656509262,Magdalena del Mar,1100,98,3,3,15
-12.0609895,-77.0823101,Cercado de Lima,551,64,2,2,6
-12.170308,-77.0084951,Chorrillos,662,96,3,2,8
-12.1354421,-77.0256864,Miraflores,4200,436,3,4,10
-12.0946479,-77.0240633,San Isidro,778,45,1,1,4
-12.1356514,-77.0229249,Barranco,1699,105,3,2,3
-12.1391126,-77.0154175,Santiago de Surco,860,70,3,2,11
-12.1276347,-77.0216056,Miraflores,950,70,2,2,3
-12.1302499,-77.0212,Miraflores,1040,67,2,2,15
-12.1269388,-77.0242301,Miraflores,800,65,1,1,4
-12.1242202,-77.02571999999999,Miraflores,1014,95,2,2,3
-12.1050154,-76.96628640000002,Santiago de Surco,754,90,2,2,13
-12.0035433,-77.087384,San Martin de Porres,290,85,1,1,6
-12.0931021,-77.0266123,San Isidro,1150,70,2,2,1
-12.0903536,-77.0818972,San Miguel,638,80,3,2,8
-12.1027103,-77.0239296,San Isidro,700,37,1,1,9
-12.1256735,-77.0285649,Miraflores,1023,75,2,2,10
-12.1127209,-76.9823399,Santiago de Surco,5000,405,4,3,10
-12.0890094185,-77.0375880455,San Isidro,841,100,3,3,5
-12.0806446,-77.1073384,San Miguel,725,80,3,2,10
-12.065692,-77.0988858,San Miguel,465,73,2,1,11
-12.1023175,-77.0218586,San Isidro,812,58,2,2,9
-12.0777796,-77.04852699999999,Jesus Maria,870,60,2,2,4
-12.068577251298867,-76.93612839577028,Ate,551,60,1,1,7
-12.0765816,-77.1061618,San Miguel,522,100,2,2,20
-12.0938968,-77.0395099,San Isidro,850,50,1,1,28
-12.0978481,-77.0412491,San Isidro,1000,100,1,1,30
-12.0777796,-77.04852699999999,Jesus Maria,841,85,3,2,2
-12.0969201,-76.9733483,Santiago de Surco,1150,103,3,3,12
-12.0834476,-76.9797876,Santiago de Surco,658,52,1,1,2
-12.1366252,-76.9887497,Santiago de Surco,623,59,2,1,29
-12.117475374781538,-76.9954342295488,Santiago de Surco,810,95,2,1,10
-12.132571,-77.0184547,Barranco,795,66,2,2,5
-12.1391003,-76.9952672,Santiago de Surco,1500,140,3,3,10
-12.0694286,-77.0548101,Pueblo Libre,461,34,1,1,10
-12.0799347,-77.017614,La Victoria,720,117,3,2,9
-12.1027103,-77.0239296,San Isidro,1000,76,3,2,9
-12.0817256,-76.9891251,San Borja,1530,190,4,3,5
-12.0635467,-76.9429371,Ate,355,50,1,1,15
-12.0712785,-77.0578589,Pueblo Libre,374,28,1,1,10
-12.132129131759902,-77.01166345498046,Santiago de Surco,1500,144,3,2,10
-12.1625145,-76.9835677,Santiago de Surco,1000,64,2,2,10
-12.0829698102,-77.0511867024,Jesus Maria,690,40,1,1,7
-12.0981286,-76.9805526,Santiago de Surco,1400,151,3,2,14
-12.115205,-77.0433,Miraflores,950,70,2,2,4
-12.1288876,-77.02497369999999,Miraflores,620,55,1,1,8
-12.13181568730789,-77.02592421639405,Miraflores,1100,100,2,3,15
-12.0910953,-77.0273658,San Isidro,928,62,2,2,9
-12.1262874,-77.0306054,Miraflores,380,27,1,1,28
-12.0810851,-77.0542389,Jesus Maria,609,42,1,1,7
-12.0757207,-77.06485300000001,Pueblo Libre,630,56,2,2,2
-12.1330901,-77.0257932,Miraflores,1100,130,3,2,17
-12.0494018,-77.0504006,Cercado de Lima,585,75,3,2,10
-12.1190724,-77.0340758,Miraflores,1000,82,2,2,9
-12.1063303,-77.0267916,Miraflores,760,56,2,2,2
-12.1406661,-76.9819031,Santiago de Surco,797,120,3,3,10
-12.17656702321757,-77.02799652599487,Chorrillos,681,160,2,2,10
-12.0949386,-77.0460316,San Isidro,1275,140,3,2,15
-12.1074501,-77.0162728,Surquillo,691,65,2,2,2
-12.0940746,-77.04381049999999,San Isidro,1000,90,2,2,30
-12.0790742813,-77.1100446996,San Miguel,609,74,3,2,5
-12.1196919,-77.0181296,Miraflores,683,54,2,2,2
-12.1142709,-77.0384782,Miraflores,1300,95,2,2,10
-12.0898836,-77.018755,La Victoria,792,70,2,2,1
-12.0742342,-77.0653058,Pueblo Libre,677,86,3,2,16
-12.0967945316,-77.0303118905,San Isidro,775,45,1,1,1
-12.1350165,-77.02352139999999,Miraflores,1700,136,2,3,15
-12.1105117,-77.0383606,Miraflores,2100,150,3,4,3
-12.1393121,-77.0241737,Barranco,700,49,1,1,12
-12.1111851,-77.0508569,Miraflores,1180,89,3,2,10
-12.069157100000002,-76.9575411,Ate,569,82,2,1,40
-12.0950379,-77.0472078,San Isidro,1700,160,2,3,10
-12.0956464,-76.9883152,San Borja,725,46,1,1,11
-12.1259992,-77.0266012,Miraflores,1014,82,2,2,10
-12.1002572,-76.99278939999999,San Borja,1300,115,3,2,9
-12.094662,-77.0559989,Magdalena del Mar,677,40,1,1,8
-12.0831863,-77.0822703,San Miguel,735,77,3,2,8
-12.129134,-77.023853,Miraflores,750,65,1,1,5
-12.0627791161,-77.0788586307,Cercado de Lima,530,45,1,1,1
-12.1223825,-77.03549269999999,Miraflores,950,90,2,2,5
-12.0948455,-77.0759494,Magdalena del Mar,725,79,3,2,12
-12.11885191293435,-77.04379860030821,Miraflores,1850,168,3,3,11
-12.0960712,-77.01188530000002,San Isidro,1072,115,4,3,17
-12.1369320795,-77.0026786111,Santiago de Surco,435,55,1,1,10
-12.1285598,-76.9765467,Santiago de Surco,900,70,2,2,10
-12.0729869,-77.0502601,Jesus Maria,854,65,3,2,7
-12.0779581,-77.0274975,Cercado de Lima,536,50,2,2,6
-12.1011942,-77.0306958,San Isidro,1700,120,3,3,9
-12.0836411,-77.0637201,Pueblo Libre,705,91,3,2,3
-12.0909907,-77.0818074,San Miguel,971,140,3,3,6
-12.125087,-76.9988608,Santiago de Surco,555,90,3,2,30
-12.1152411423,-77.0018963618,Surquillo,650,50,2,1,5
-12.1289386,-77.0115547,Miraflores,580,40,1,1,8
-12.1261467,-77.0362395,Miraflores,681,50,1,1,8
-12.1188201,-77.0163803,Miraflores,841,77,3,2,5
-12.0881118,-77.0460251,San Isidro,800,81,2,3,8
-12.0905575,-77.0409971,San Isidro,1000,101,3,3,11
-12.084575957596972,-77.02529177091674,La Victoria,500,39,1,1,4
-12.1143808,-77.0117303,Surquillo,700,44,1,1,5
-12.07558313036543,-77.02646579572628,Cercado de Lima,797,65,2,2,3
-12.1430314,-77.0031783,Santiago de Surco,667,105,3,3,10
-12.1385501,-77.0222655,Barranco,638,40,1,1,2
-12.0988884741,-76.9778514461,Santiago de Surco,1217,210,3,2,15
-12.130366,-77.02299289999999,Miraflores,1850,176,2,3,5
-12.1233467,-77.0374304,Miraflores,1200,123,3,2,25
-12.1026446,-76.9714966,Santiago de Surco,750,56,1,1,10
-12.090382528092642,-77.02683203173828,San Isidro,1014,75,3,2,3
-12.1149485,-77.0454501,Miraflores,1100,75,2,2,1
-11.9591501,-77.0891281,San Martin de Porres,242,100,2,1,15
-12.1028195,-77.0385453,San Isidro,850,45,1,1,27
-12.1417181,-77.0106477,Santiago de Surco,569,74,3,2,10
-12.1204504,-77.04220649999999,Miraflores,830,74,1,2,20
-12.1047317,-77.038479,San Isidro,780,39,1,1,9
-12.1379908,-77.019166,Barranco,720,44,2,1,2
-12.1227357,-76.9811456,Santiago de Surco,1200,108,3,2,15
-12.0926437,-77.0270135,San Isidro,1070,65,2,2,5
-12.1211096,-77.0332573,Miraflores,950,83,2,2,8
-12.1228778,-77.0268155,Miraflores,493,25,1,1,15
-12.146558,-76.9840885,Santiago de Surco,525,75,2,2,15
-12.0797865,-77.1073223,San Miguel,650,71,2,2,9
-12.1135141,-77.0473688,Miraflores,980,68,2,2,10
-12.1065747,-77.0380089,Miraflores,900,103,2,1,8
-12.1123311,-77.0443453,Miraflores,1250,80,2,2,10
-12.1079733,-77.05359659999999,San Isidro,1100,60,2,2,1
-12.1069377,-77.01665899999999,Surquillo,696,44,1,1,6
-12.1188201,-77.0163803,Miraflores,840,80,3,2,4
-12.121328,-77.01806100000002,Miraflores,790,62,2,2,1
-12.1280253,-77.0187753,Miraflores,1600,187,3,2,10
-12.0891520995,-76.9851836483,San Borja,1200,117,3,2,14
-12.0824656,-77.103749,San Miguel,696,75,3,2,13
-12.0938724,-77.03510039999999,San Isidro,493,50,1,1,1
-12.0598437,-77.101924,Bellavista,540,106,2,1,13
-12.0937273,-77.0359534,San Isidro,725,70,2,1,2
-12.1040352,-77.0184523,San Isidro,580,41,1,1,9
-12.0840156,-77.0452274,Lince,522,75,1,1,3
-12.0994571,-76.9799645,Santiago de Surco,377,40,1,1,10
-12.0933018,-76.9946708,San Borja,362,40,1,1,11
-12.1278319,-77.029539,Miraflores,1285,115,3,3,11
-12.1027103,-77.0239296,San Isidro,812,52,2,2,9
-12.0714322,-77.092537,San Miguel,331,50,1,1,18
-12.0829226,-77.0516695,Jesus Maria,1096,89,3,2,7
-12.1160385,-76.991067,Santiago de Surco,800,46,1,1,10
-12.102656230571148,-77.02383567368011,San Isidro,680,40,1,1,9
-12.1267872,-77.028838,Miraflores,1043,75,3,2,10
-12.1023175,-77.0218586,San Isidro,1100,80,2,2,2
-12.1049332,-76.9374004,La Molina,652,100,3,3,12
-12.10499581342298,-77.02190431292259,Surquillo,718,59,2,2,5
-12.1149786,-76.9928132,Santiago de Surco,1400,177,2,2,13
-12.101850043768843,-77.01755649384842,San Isidro,960,65,2,2,3
-12.1255496395,-77.0270350209,Miraflores,1500,120,2,2,10
-12.1329588,-77.0204132,Miraflores,700,50,1,1,2
-12.1776762,-76.9993289,Chorrillos,429,67,3,2,5
-12.0701151,-77.0940627,San Miguel,435,48,1,1,6
-12.1047374,-77.0384782,San Isidro,854,43,2,1,9
-12.0797404,-77.1062024,San Miguel,725,75,3,2,8
-12.0864919,-77.0931556,San Miguel,551,51,2,2,4
-12.12813514502206,-76.9905784695117,Santiago de Surco,275,30,1,1,10
-12.1030236,-76.9468264,La Molina,300,25,1,1,4
-12.116414699999998,-77.0398433,Miraflores,1150,81,2,2,10
-12.0957124,-77.0303617,San Isidro,464,60,1,1,1
-12.0827118,-77.0462856,Jesus Maria,754,60,2,2,4
-12.0664922,-76.9354192,Ate,769,77,3,2,19
-12.1196919,-77.0181296,Miraflores,940,64,2,2,2
-12.0668423939,-77.1075644146,La Perla,470,47,1,1,8
-12.0777546,-77.0168172,La Victoria,725,65,3,1,10
-12.07745,-77.055442,Jesus Maria,700,40,1,1,5
-12.1402435,-77.0226656,Barranco,780,64,2,1,12
-12.0818804,-77.0368589,Lince,1082,192,5,3,51
-12.115909,-76.9953795,Santiago de Surco,1600,192,4,4,12
-12.1234573,-76.9935213,Santiago de Surco,580,51,1,1,30
-12.1007247,-76.9455157,La Molina,870,96,3,2,8
-12.1402127,-77.0235863,Barranco,2500,120,2,2,14
-12.1305399,-77.0312493,Miraflores,1800,240,3,2,10
-12.1280889,-77.0312679,Miraflores,2500,260,3,3,11
-12.1271642,-77.0257989,Miraflores,1200,107,3,2,6
-12.0899576255,-77.0194081329,La Victoria,930,69,3,2,2
-12.0947671881,-77.0526759738,San Isidro,870,63,1,2,9
-12.075575,-77.059021,Pueblo Libre,870,100,3,3,1
-12.0164007,-76.8812958,Ate,1200,80,2,2,12
-12.0976107,-77.0714112,Magdalena del Mar,739,70,2,2,8
-12.0939898,-77.0460281,San Isidro,1700,136,3,2,2
-12.108498574881304,-77.03265249206544,Miraflores,800,40,1,1,2
-12.1012995,-77.0077685,San Borja,1014,114,4,3,18
-12.1400947,-77.0220571,Barranco,812,58,2,2,1
-12.1165116,-77.0258063,Miraflores,850,49,2,2,6
-12.092643699999998,-77.0270135,San Isidro,780,45,1,1,2
-12.1403654,-77.022547,Barranco,680,45,1,1,7
-12.1479089,-77.0116915,Santiago de Surco,580,100,3,2,10
-12.0910953,-77.0273658,San Isidro,860,60,2,2,9
-12.1171255,-77.0389787,Miraflores,3000,198,2,2,23
-12.1278301,-77.0297672,Miraflores,1480,130,2,2,12
-12.1393686,-77.0207071,Barranco,870,60,3,2,10
-12.1148923,-77.0307806,Miraflores,812,80,2,2,15
-12.1112279,-76.98877999999999,Santiago de Surco,900,95,2,2,26
-12.0680392,-77.0476016,Jesus Maria,696,60,2,1,7
-12.0909789,-77.0779146,San Miguel,653,76,3,2,20
-12.0938312,-77.0264806,San Isidro,850,45,1,1,9
-12.0921175,-77.08176879999999,San Miguel,797,83,3,2,7
-12.0831714,-77.0257879,La Victoria,626,58,2,2,2
-12.1241445,-77.0198905,Miraflores,1200,164,2,2,20
-12.1304017,-77.0227764,Miraflores,1507,132,3,2,5
-12.113017,-77.0458922,Miraflores,1043,76,2,2,3
-12.1741,-77.003,Chorrillos,512,115,3,1,10
-12.1104546,-77.028044381,Miraflores,1200,133,2,2,3
-12.1364817,-77.0050453,Santiago de Surco,696,58,2,2,1
-12.140264744431336,-77.02218063068847,Barranco,1200,85,2,2,5
-12.09078,-76.98154099999999,Santiago de Surco,857,105,2,2,12
-12.0820087,-77.1040299,San Miguel,667,80,3,2,2
-12.128391,-77.0337102,Miraflores,915,115,3,2,30
-12.0883264,-77.004312,San Borja,331,45,1,1,10
-12.0911683,-77.0274129,San Isidro,990,74,2,2,9
-12.1379908,-77.019166,Barranco,669,75,2,2,11
-12.0838136,-77.0657512,Pueblo Libre,580,45,1,1,10
-12.089683,-77.0438973,San Isidro,1072,81,3,2,1
-12.0882458,-77.0726191,Magdalena del Mar,580,75,2,2,3
-12.095994,-77.0481788,San Isidro,950,90,1,1,20
-12.1173042,-77.0305469,Miraflores,840,63,2,2,15
-12.0321298,-77.0246065,Rimac,800,200,3,3,15
-12.1082679,-77.038942,Miraflores,2200,107,2,2,10
-12.1396547,-77.0230863,Barranco,650,43,1,1,5
-12.1275724,-77.03437350000002,Miraflores,2000,150,3,2,13
-12.1383951,-77.0205227,Barranco,700,40,1,1,2
-12.1395951,-77.02128379999999,Barranco,780,80,2,2,10
-12.0769807,-77.1128208,La Perla,434,75,2,1,20
-12.118382,-77.01535919999999,Miraflores,630,80,1,1,4
-12.0638481,-77.0710726,Cercado de Lima,638,64,2,2,6
-12.0824743,-77.0326432,Lince,551,70,2,2,3
-12.071201280954174,-77.03797353491821,Cercado de Lima,749,90,3,2,40
-12.1386201,-77.0173793,Santiago de Surco,609,80,2,2,5
-12.0489357,-77.0923488,Callao,470,70,2,2,11
-12.1159379,-76.9909891,Santiago de Surco,899,54,2,2,10
-12.1260392,-77.0264752,Miraflores,980,100,3,2,14
-12.1259992,-77.0266012,Miraflores,1014,90,2,3,7
-12.097902,-77.0291302,San Isidro,1100,80,2,2,9
-12.1340699,-77.0216534,Miraflores,1300,126,3,3,8
-12.136867,-77.0224193,Barranco,739,45,1,1,2
-12.1413568,-76.9842915,Santiago de Surco,493,65,2,1,12
-12.1213459,-77.04069919999999,Miraflores,1550,200,1,1,12
-12.1336431,-77.0232958,Miraflores,770,76,2,2,8
-12.0852694,-77.0495506,Jesus Maria,725,65,1,1,7
-12.1815536,-76.9992585,Chorrillos,456,70,3,2,10
-12.115725156499998,-76.9828177952,Santiago de Surco,2600,205,3,3,6
-12.102983,-76.9957907,San Borja,650,110,3,1,20
-12.11919067438666,-77.04444058772616,Miraflores,1850,175,3,5,6
-12.0986816,-77.0470469,San Isidro,4000,210,3,3,4
-12.082584234160858,-77.10455317834783,San Miguel,522,45,1,1,8
-12.131099831029989,-77.02374820555727,Miraflores,820,62,1,1,7
-12.0956464,-76.9883152,San Borja,950,61,2,2,11
-12.1164207,-76.9906127,Santiago de Surco,1200,95,2,2,12
-12.0967588,-76.9892193,San Borja,1100,115,3,2,16
-12.1362000396121,-76.99623353441059,Santiago de Surco,275,40,1,1,10
-12.0848863,-77.0486275,Jesus Maria,928,112,3,2,20
-12.0769302,-77.09221,San Miguel,575,69,2,2,8
-12.1158791,-77.04386869999999,Miraflores,980,84,2,2,3
-12.0780403,-77.02763809999999,Cercado de Lima,725,54,2,2,7
-12.077493,-77.0934017,San Miguel,680,73,3,1,41
-12.1115798805684,-77.03899370793457,Miraflores,5000,392,4,4,6
-12.0943372,-77.0484707,San Isidro,650,50,1,1,20
-12.104366077576053,-76.99338927116393,San Borja,754,70,2,1,8
-12.0978568,-77.0558229,San Isidro,850,45,1,1,9
-12.0803845,-77.0209751,La Victoria,722,65,2,2,2
-12.076749799999998,-77.0539422,Jesus Maria,725,70,2,2,6
-12.130953223303536,-77.02634173637915,Miraflores,1043,72,1,1,4
-12.1362763,-77.02230689999999,Barranco,900,69,1,1,5
-12.177159126834333,-76.98008322698364,San Juan de Miraflores,348,75,2,2,8
-12.1117987,-77.0509422,Miraflores,3000,179,3,2,12
-11.9885653,-77.07100009999999,San Martin de Porres,522,55,3,3,4
-12.0720557,-77.0628819,Pueblo Libre,640,63,2,2,10
-12.1030696,-77.0315078,San Isidro,1000,90,2,2,13
-12.1019819,-76.9940519,San Borja,812,100,3,2,30
-12.1280528004,-77.0234955418,Miraflores,600,62,2,1,50
-12.089804390542572,-77.04244369999998,San Isidro,820,65,2,2,5
-12.092595580398909,-77.04296752275391,San Isidro,1159,111,3,3,9
-12.1254706343,-77.0322398765,Miraflores,1100,90,3,2,15
-12.0820087,-77.1040299,San Miguel,493,50,1,1,2
-12.1192772,-77.0322486,Miraflores,638,45,1,1,25
-12.0928302,-77.0364991,San Isidro,1043,108,3,1,49
-12.0899805,-77.0501007,San Isidro,2300,151,2,2,8
-12.0948461,-77.0151313,San Isidro,1690,240,3,3,30
-12.1047374,-77.0384782,San Isidro,1195,45,2,1,9
-12.092643699999998,-77.0270135,San Isidro,1395,131,3,2,2
-12.097902,-77.0291302,San Isidro,1000,44,1,1,1
-12.1235914,-77.0259787,Miraflores,1220,73,2,2,10
-12.0921993,-77.029717,San Isidro,1391,109,2,2,9
-12.0899976,-77.0500991,San Isidro,2500,202,3,3,5
-12.0923487625,-77.0498203656,San Isidro,2000,150,2,2,4
-12.101904,-77.03084240000001,San Isidro,750,50,1,1,2
-12.083797099999998,-77.0659008,Pueblo Libre,638,66,2,2,2
-12.1525408,-77.0228348,Barranco,790,65,2,2,4
-12.090012580948434,-77.0181518979004,La Victoria,1200,83,3,2,2
-12.0829674,-76.9950054,San Borja,1304,200,4,2,10
-12.0792296,-77.0464844,Jesus Maria,827,80,3,3,15
-12.1260926,-77.0271389,Miraflores,841,70,2,2,8
-12.1205258,-77.0072596,Surquillo,1800,135,3,2,9
-12.1136829,-76.9923833,Santiago de Surco,650,46,1,1,1
-12.089747,-77.0433228,San Isidro,1200,100,2,2,9
-12.1395709,-77.0215966,Barranco,816,60,1,1,5
-12.1397229,-77.0226892,Barranco,850,50,1,1,5
-12.1396801,-77.0227964,Barranco,816,50,1,1,5
-12.1396577,-77.0216908,Barranco,720,42,1,1,4
-12.1104865,-77.0258817,Miraflores,630,45,2,1,3
-12.1157949,-77.0346641,Miraflores,870,75,2,1,3
-12.119214905907436,-77.02688922098294,Miraflores,900,59,2,2,1
-12.0888942,-77.0334457,San Isidro,609,43,1,1,3
-12.1058814,-76.9747785,Santiago de Surco,1750,178,2,2,10
-12.0872255,-77.0501469,San Isidro,362,35,1,1,10
-12.0777148,-77.0565087,Pueblo Libre,348,30,1,1,10
-12.0300659,-77.0605523,San Martin de Porres,464,60,2,1,10
-12.1125536,-77.010007,Surquillo,493,65,2,1,10
-12.077281,-77.1073035,San Miguel,232,30,1,1,10
-12.0761768,-77.0999278,San Miguel,391,60,2,1,10
-12.1174330766,-76.9954311707,Santiago de Surco,812,95,2,2,10
-12.0652778,-77.0457732,Brena,348,30,1,1,10
-12.1731986,-77.0016303,Chorrillos,522,76,3,2,10
-12.1139529,-77.0357653,Miraflores,870,75,2,1,3
-12.0861104,-77.0348157,Lince,493,80,2,1,10
-12.1102029,-77.00192650000001,Surquillo,319,30,1,1,10
-12.0692519,-77.0399807,Cercado de Lima,328,35,1,1,10
-12.1293698,-77.03154219999999,Miraflores,900,90,4,3,6
-12.0761768,-77.0999278,San Miguel,435,65,2,1,10
-12.127699,-77.00207440000001,Santiago de Surco,391,30,1,1,10
-12.0919284,-76.986053,San Borja,319,45,1,1,10
-12.1851358,-77.00089,Chorrillos,261,30,1,1,10
-12.1200698,-76.9977809,Santiago de Surco,246,30,1,1,10
-12.1191345,-77.036787,Miraflores,348,30,1,1,10
-12.0835964,-77.03595800000001,Lince,493,60,2,1,10
-12.0665855,-77.0674951,Cercado de Lima,232,30,1,1,10
-12.0685031,-77.0384321,Cercado de Lima,565,40,1,1,2
-12.0874752,-77.0227832,La Victoria,720,70,2,1,12
-12.0829226,-77.0516695,Jesus Maria,1072,91,3,2,7
-12.1336052,-76.97746029999999,Santiago de Surco,1011,140,3,3,14
-12.104917070417024,-77.03757664094258,San Isidro,900,95,2,2,20
-12.0814593,-77.0118706,La Victoria,667,60,2,2,2
-12.0929662,-77.04061469999999,San Isidro,1150,139,2,2,26
-12.136612500000002,-77.0231094,Barranco,710,45,1,1,2
-12.0575505,-77.1120779,Callao,580,65,2,2,4
-12.125846486284493,-77.03159408326515,Miraflores,900,100,2,3,5
-12.126570458052056,-77.0259738474426,Miraflores,1000,115,2,3,10
-12.0841711,-77.0616689,Pueblo Libre,544,75,3,1,60
-12.092735265266237,-77.04615443228758,San Isidro,1600,120,3,3,9
-12.1485357,-77.0203499,Barranco,797,60,3,2,10
-12.0870665,-77.0926407,San Miguel,738,70,2,2,3
-12.0425064,-76.96803109999999,El Agustino,725,100,4,3,8
-12.0848075,-77.0355629,Lince,725,56,2,1,2
-12.1150435,-77.012143,Surquillo,650,78,3,2,10
-12.082034,-77.04875969999999,Jesus Maria,987,91,3,2,7
-12.20079039,-77.01913532,Chorrillos,213,50,2,1,10
-12.1305272,-76.9787576,Santiago de Surco,480,80,2,1,10
-12.105133,-77.023938,Surquillo,320,30,1,1,9
-12.12846251,-77.03429516,Miraflores,1200,111,2,3,10
-12.01953972,-76.88939012,Ate,320,66,3,2,12
-12.09292646,-77.02699151,San Isidro,950,65,2,2,9
-12.083186,-77.08227,San Miguel,735,77,3,2,8
-12.105849,-76.947384,La Molina,314,30,1,1,10
-12.085388,-77.049755,Jesus Maria,650,43,1,1,7
-12.1430768,-77.0220133,Barranco,700,40,1,1,5
-12.16693636,-76.99380022,Chorrillos,1500,120,3,1,10
-12.1763818,-77.0068821,Chorrillos,480,55,2,2,10
-12.096517,-77.0287367,San Isidro,763,46,1,1,9
-12.082069,-77.044601,Jesus Maria,800,112,3,1,7
-12.18759732,-77.00634093,Chorrillos,320,47,2,1,10
-12.1040554,-77.0256358,Surquillo,667,71,2,2,9
-12.328861,-76.831231,Punta Hermosa,1250,119,3,1,4
-11.9332454,-77.0470935,Comas,213,55,3,1,5
-12.04062,-76.982095,El Agustino,240,50,2,1,8
-12.05122,-77.052842,Cercado de Lima,668,63,3,2,6
-12.1396547,-77.0230863,Barranco,650,45,1,1,5
-12.0797404,-77.1062024,San Miguel,520,59,2,2,8
-12.1190714,-77.02707624,Miraflores,856,61,2,2,10
-12.0802482,-77.0954703,San Miguel,507,75,3,2,8
-12.0933199,-77.0384913,San Isidro,1700,185,4,3,9
-12.0734551,-77.0300793,Cercado de Lima,480,40,1,1,6
-12.1114183,-77.0476679,Miraflores,900,67,2,2,10
-12.0960017,-77.0320356,San Isidro,613,45,1,1,9
-12.12441349,-77.02779211,Miraflores,1000,79,1,1,10
-12.0929973,-77.0564805,Magdalena del Mar,1000,133,3,3,8
-12.1240482,-77.0113118,Miraflores,950,120,2,2,10
-11.9035264,-77.0441242,Comas,387,160,4,2,5
-12.1518614,-77.0210918,Barranco,613,42,1,1,5
-12.10279742,-77.04606235,San Isidro,1600,180,3,3,9
-12.1140517,-77.0380089,Miraflores,2000,130,3,3,10
-12.1368792,-77.0226958,Barranco,667,60,1,1,5
-12.1169675,-77.0401569,Miraflores,1000,65,2,2,10
-12.122486,-77.0313539,Miraflores,750,70,2,2,10
-12.08744,-77.039591,San Isidro,830,59,2,2,9
-12.302098,-76.849964,Lurin,533,55,2,1,1
-12.096069,-77.0551408,San Isidro,765,39,1,1,9
-12.141683,-77.022715,Barranco,747,45,1,1,5
-12.1115306,-77.0511772,Miraflores,1067,120,3,2,10
-12.0970297,-77.0339119,San Isidro,680,73,1,1,9
-12.126481,-77.0267987,Miraflores,667,69,2,2,10
-12.1813698,-76.9658755,San Juan de Miraflores,587,160,5,2,10
-12.08977738,-77.0714602,Magdalena del Mar,760,86,3,2,8
-12.1140517,-77.0380089,Miraflores,1420,110,3,2,10
-12.0930749,-77.0395233,San Isidro,1000,85,2,2,9
-12.094769,-76.991034,San Borja,1000,131,4,3,11
-12.0332288,-76.955412,Ate,400,36,2,1,12
-12.1203343,-77.0335248,Miraflores,987,93,2,2,10
-12.0821619,-77.0499136,Jesus Maria,533,42,1,1,7
-12.0794652,-77.0354753,Cercado de Lima,587,56,2,2,6
-12.0855266,-77.0657892,Pueblo Libre,560,75,3,1,10
-12.0944807,-77.0558825,San Isidro,560,39,1,1,9
-12.0712785,-77.0578589,Pueblo Libre,347,28,1,1,10
-11.9926304,-77.0574961,Independencia,400,69,3,2,12
-11.79395093,-77.16116382,Ancon,227,32,1,1,9
-12.1360723,-77.021552,Barranco,587,45,1,1,5
-12.0872191,-77.0624683,Magdalena del Mar,533,40,1,1,8
-11.9820808,-77.0416052,Independencia,227,33,1,1,12
-12.084267,-77.062666,Pueblo Libre,533,47,1,1,10
-12.0886343,-77.0143472,La Victoria,507,44,1,1,2
-11.9904228,-77.0652121,Los Olivos,400,125,4,1,15
-12.1178026,-77.0360731,Miraflores,680,67,1,2,10
-12.092349,-77.04982,San Isidro,2000,150,2,1,9
-12.0994211,-77.0627102,Magdalena del Mar,640,58,1,2,8
-12.135211,-77.025507,Miraflores,2500,219,3,1,10
-12.141548,-77.0234162,Barranco,1009,56,2,1,5
-12.3023,-76.850259,Lurin,933,110,4,2,1
-12.0780403,-77.0276381,Cercado de Lima,853,65,3,2,6
-12.124002,-77.0216877,Miraflores,533,34,1,1,10
-12.1241634,-77.0316919,Miraflores,587,65,1,1,10
-12.0914066,-77.0579541,Magdalena del Mar,627,46,1,1,8
-12.1391916,-77.0241223,Barranco,960,60,2,2,5
-12.0706572,-77.0662401,Pueblo Libre,400,38,1,1,10
-12.1131401,-77.0275026,Miraflores,800,65,2,2,10
-12.095069,-77.026514,San Isidro,1000,60,2,2,9
-12.1293538,-77.0198332,Miraflores,680,80,2,2,10
-12.0826806,-77.0462833,Jesus Maria,693,61,2,2,7
-12.0768967,-77.0724908,Pueblo Libre,480,44,1,1,10
-12.0606131,-77.0694444,Cercado de Lima,467,90,3,1,6
-12.0931021,-77.0266123,San Isidro,799,61,2,2,9
-12.1179719,-77.0019963,Surquillo,467,40,1,1,9
-12.181964,-77.007586,Chorrillos,533,70,3,2,10
-12.089953,-77.03423,San Isidro,800,40,1,1,9
-11.9608471,-77.072346,Los Olivos,240,56,2,1,15
-12.0950689,-77.026514,San Isidro,613,50,1,1,9
-12.131957735886337,-77.03049145638943,Miraflores,2400,209,3,3,10
-12.07976,-77.10729,San Miguel,595,75,3,2,8
-12.111491,-76.942954,La Molina,325,50,2,1,10
-12.0824947,-77.0506092,Jesus Maria,800,75,3,2,7
-12.0949371,-77.0588403,Magdalena del Mar,1100,57,2,2,8
-12.1590656,-76.9805049,Santiago de Surco,453,73,3,1,10
-12.1282791,-77.0340756,Miraflores,1250,120,2,2,10
-12.1529199,-77.023319,Barranco,1100,60,1,2,5
-12.0737769,-77.0388207,Cercado de Lima,480,48,1,1,6
-12.106001,-77.0268053,Miraflores,880,67,2,2,10
-12.1047188,-77.0606395,Magdalena del Mar,720,75,2,1,8
-11.918449,-77.070887,Comas,347,70,3,2,5
-12.078204643459642,-77.09358188564804,San Miguel,480,61,2,2,8
-12.1276896,-77.0354473,Miraflores,4100,250,3,3,10
-12.063547,-76.942937,Ate,355,50,1,1,12
-12.1267606,-77.0338941,Miraflores,1450,135,3,3,10
-12.0940335,-77.0266508,San Isidro,907,62,1,1,9
-12.1067581,-77.0544922,San Isidro,613,89,2,1,9
-12.0910953,-77.0273658,San Isidro,853,60,2,2,9
-12.063676402157403,-77.07087960744019,Cercado de Lima,560,64,3,2,6
-12.126358,-77.0314161,Miraflores,667,60,1,2,10
-11.976663,-77.084327,San Martin de Porres,343,80,2,1,10
-12.1041903,-77.0072648,San Borja,850,133,2,2,11
-11.92709342,-77.05989815,Comas,293,67,3,2,5
-12.1164673,-77.0257992,Miraflores,850,49,2,2,10
-12.128059,-77.009423,Miraflores,410,36,1,1,10
-12.12119853,-77.03902323,Miraflores,1120,120,3,2,10
-12.0970297,-77.0339119,San Isidro,800,63,2,2,9
-12.1275242,-77.0259022,Miraflores,787,78,2,2,10
-12.1767163,-77.0068592,Chorrillos,480,55,2,2,10
-12.0693386,-77.049345,Brena,747,85,4,3,10
-12.0948917,-77.0597645,Magdalena del Mar,853,60,2,2,8
-11.92496402,-77.06173391,Comas,227,60,3,2,5
-12.1368436,-77.0221338,Barranco,480,45,1,2,5
-12.089998,-77.050099,San Isidro,2500,202,3,1,9
-12.0955251,-77.0266763,San Isidro,893,65,2,2,9
-12.06968005,-77.03728805,Cercado de Lima,667,67,3,2,6
-12.0889727,-76.9866165,San Borja,667,71,1,2,11
-12.1050187,-77.0378843,San Isidro,933,50,2,1,9
-11.911822,-77.054043,Comas,252,75,2,1,5
-12.121328,-77.018061,Miraflores,987,95,3,2,10
-12.0646396,-77.0409753,Cercado de Lima,507,52,1,1,6
-11.79402445,-77.16092779,Ancon,267,71,3,2,9
-12.1435376,-77.0219337,Barranco,627,40,1,1,5
-12.141122,-77.019724,Barranco,700,44,1,1,5
-12.08850545,-77.05961384,Jesus Maria,507,40,1,1,7
-12.0109265,-77.0691057,San Martin de Porres,347,65,3,2,10
-11.9290438,-77.0576263,Comas,240,52,2,2,5
-12.1150077,-77.0125758,Surquillo,1013,114,3,3,9
-12.1167571,-76.9783757,Santiago de Surco,910,118,3,3,10
-12.1016245,-77.0176611,San Isidro,760,45,1,1,9
-11.911822,-77.054043,Comas,237,75,2,1,5
-12.1108842,-77.037333,Miraflores,1067,82,3,3,10
-12.09020362,-77.01895716,La Victoria,1200,83,3,2,2
-12.0896313,-77.0283259,San Isidro,533,47,1,1,9
-12.08304,-77.0917584,San Miguel,533,82,3,2,8
-12.0526274,-76.9670336,Ate,533,48,2,2,12
-12.29879459,-76.85518561,Lurin,533,122,2,2,1
-12.1063689,-77.0327431,Miraflores,1300,105,2,2,10
-12.1211814,-77.0099342,Miraflores,960,100,3,1,10
-12.0302237,-76.955065,Ate,1250,107,3,2,12
-12.1248008,-76.9916112,Santiago de Surco,960,98,2,3,10
-12.0768286,-77.0367375,Cercado de Lima,707,69,3,2,6
-12.076447,-77.0562874,Pueblo Libre,667,70,3,2,10
-12.1170384,-76.9945284,Santiago de Surco,747,90,2,1,10
-12.0926624,-77.0615507,Magdalena del Mar,747,89,2,2,8
-12.11996849,-77.02890773,Miraflores,806,56,1,1,10
-12.0993707,-76.9371709,La Molina,650,100,2,2,10
-12.1365798,-77.0225352,Barranco,667,44,1,1,5
-12.0837486,-77.08835588,San Miguel,747,107,3,1,8
-12.095143,-77.041829,San Isidro,6200,400,3,1,9
-12.06891002,-77.06912,Pueblo Libre,560,90,2,1,10
-12.0798395,-77.1087871,San Miguel,640,54,2,2,8
-12.0895952,-76.9043039,La Molina,693,115,3,3,10
-12.0918499,-77.063664,Magdalena del Mar,533,50,1,1,8
-12.1530339,-77.0226301,Barranco,750,43,1,1,5
-12.0974372,-77.0504877,San Isidro,1350,110,2,1,9
-12.138395,-77.020523,Barranco,700,40,1,1,5
-12.0780403,-77.0276381,Cercado de Lima,925,65,3,2,6
-12.094846,-77.015131,San Isidro,1690,240,3,3,9
-12.093544,-77.076537,Magdalena del Mar,960,170,4,1,8
-12.1205198,-77.0015745,Surquillo,667,93,3,2,9
-12.0832295,-77.0470155,Jesus Maria,507,54,1,1,7
-12.112588,-77.041214,Miraflores,1600,100,2,2,10
-12.141548,-77.0234162,Barranco,1027,57,1,1,5
-11.93254175,-77.06015005,Comas,227,60,3,2,5
-12.0827304,-76.96818,La Molina,2780,210,3,5,10
-12.1240459,-77.0112037,Miraflores,950,120,2,2,10
-12.1114183,-77.0476679,Miraflores,800,63,2,2,10
-12.130713,-77.027563,Miraflores,1300,105,2,1,10
-12.0921893,-77.0267516,San Isidro,773,50,1,1,9
-12.0835561,-77.0665363,Pueblo Libre,587,66,2,2,10
-12.08031144,-77.00836609,La Victoria,320,30,1,1,2
-12.0824947,-77.0506092,Jesus Maria,587,42,1,1,7
-12.1742066,-77.000327,Chorrillos,400,47,1,2,10
-12.10494098,-76.93813092,La Molina,827,125,4,3,10
-12.1258551,-77.0293357,Miraflores,1200,75,2,2,10
-12.0850693,-77.0736482,San Miguel,480,56,2,2,8
-12.0668038,-77.0529723,Brena,600,82,3,2,10
-12.1335837,-77.0192671,Barranco,693,57,1,1,5
-12.0944058,-77.0506232,San Isidro,1600,165,3,2,9
-12.1158607,-77.0468054,Miraflores,933,91,2,2,10
-12.122553,-76.9783476,Santiago de Surco,850,86,2,2,10
-12.1411508,-77.0221186,Barranco,933,85,3,2,5
-11.9951114,-77.0963086,San Martin de Porres,347,80,2,1,10
-12.0672083,-76.9615521,Ate,747,160,3,1,12
-12.095978,-77.047222,San Isidro,1467,170,3,3,9
-11.94494,-77.084999,San Martin de Porres,285,100,3,2,10
-12.0905438,-76.98778013,San Borja,1250,116,3,1,11
-12.129,-77.02416,Miraflores,1040,67,2,2,10
-11.9594191,-77.0758923,Los Olivos,333,38,1,1,15
-12.0841367,-77.083903,San Miguel,747,89,3,2,8
-12.0774344,-77.0934137,San Miguel,507,90,3,2,8
-12.1032162,-76.9802389,Santiago de Surco,1000,120,3,2,10
-12.139595,-77.021284,Barranco,780,80,2,1,5
-12.136867,-77.022419,Barranco,533,28,1,1,5
-12.0895265,-77.0110269,San Isidro,720,60,2,2,9
-12.0952937,-76.7724721,Cieneguilla,400,70,3,2,9
-12.102047,-76.9705061,Santiago de Surco,850,88,4,2,10
-12.1386169,-77.0251705,Barranco,1100,95,2,2,5
-12.099738,-77.02049,San Isidro,800,100,2,1,9
-12.1002731,-76.9992691,San Borja,1000,95,3,3,11
-12.1245725,-77.0371288,Miraflores,2200,147,3,3,10
-12.18753232,-77.00648041,Chorrillos,347,48,2,1,10
-12.0925737,-77.0595005,Magdalena del Mar,787,99,3,1,8
-12.0976056,-77.0709866,Magdalena del Mar,533,56,2,2,8
-12.133212,-77.024804,Miraflores,2350,305,4,2,10
-12.1159026,-76.976885,Santiago de Surco,573,100,3,2,10
-12.0369642,-76.9951911,El Agustino,467,66,3,2,8
-12.078509,-77.0863516,San Miguel,773,75,3,2,8
-12.1181372,-77.0428165,Miraflores,1067,82,3,3,10
-12.2065293,-77.014704,Chorrillos,773,120,3,2,10
-12.1269033,-77.0299013,Miraflores,720,70,2,1,10
-12.0473301,-77.0503639,Cercado de Lima,373,65,3,2,6
-12.0825324,-77.1038796,San Miguel,747,73,3,2,8
-11.9960588,-77.0820577,San Martin de Porres,453,50,2,1,10
-12.118765,-77.03414,Miraflores,750,60,1,1,10
-12.0934473,-77.0328439,San Isidro,640,50,1,1,9
-12.051067,-77.075274,Cercado de Lima,347,75,2,1,6
-12.1290175,-77.0270752,Miraflores,700,70,1,1,10
-12.08188,-77.036859,Lince,1082,192,5,3,5
-12.0706572,-77.0662401,Pueblo Libre,400,31,1,1,10
-12.0895952,-76.9043039,La Molina,520,100,3,1,10
-11.87775,-77.026041,Carabayllo,320,145,4,2,2
-12.0568893,-76.9478323,Ate,1100,160,3,2,12
-12.127813,-77.0295338,Miraflores,827,104,2,3,10
-12.0809377,-77.0558392,Jesus Maria,1100,117,3,3,7
-12.0944084,-77.0498169,San Isidro,1350,115,2,3,9
-12.1109261,-76.936277,La Molina,560,75,2,2,10
-12.075575,-77.059021,Pueblo Libre,800,100,3,3,10
-12.089066,-76.988731,San Borja,1800,189,3,3,11
-12.0950323,-77.0302105,San Isidro,400,27,1,1,9
-12.11926101,-77.02889625,Miraflores,975,62,2,2,10
-12.093485,-77.029853,San Isidro,743,46,1,1,9
-11.9800346,-77.0742023,San Martin de Porres,533,120,5,2,10
-12.112688,-76.995888,Surquillo,773,60,2,2,9
-12.026074,-77.080142,San Martin de Porres,593,117,3,1,10
-12.115462,-76.975571,Santiago de Surco,1041,120,3,1,10
-12.0724041,-77.036172,Cercado de Lima,653,75,3,2,6
-12.10189,-77.017651,San Isidro,850,63,2,2,9
-12.1211203,-77.019421,Miraflores,1093,105,2,3,10
-12.1382296,-77.0258541,Barranco,1800,162,2,2,5
-12.1391916,-77.0241223,Barranco,640,48,1,1,5
-12.0776743,-77.0517578,Jesus Maria,533,57,2,1,7
-12.096517,-77.0287367,San Isidro,720,46,1,2,9
-12.1430768,-77.0220133,Barranco,800,55,2,1,5
-12.111437,-77.051087,Miraflores,1205,120,3,1,10
-12.123419,-77.0282933,Miraflores,1200,130,2,3,10
-12.302735,-76.7830867,Punta Hermosa,400,60,2,2,4
-11.9945958,-77.0791512,San Martin de Porres,320,85,2,1,10
-12.070907,-77.066846,Pueblo Libre,480,44,1,1,10
-12.094662,-77.055999,Magdalena del Mar,677,40,1,1,8
-12.11935,-77.022123,Miraflores,720,70,3,2,10
-12.0793473,-77.10478479999999,San Miguel,587,64,3,1,8
-12.0953082,-77.0594878,Magdalena del Mar,720,55,2,2,8
-12.0771043,-77.0490849,Jesus Maria,853,90,3,2,7
-12.0554949,-77.0713786,Cercado de Lima,240,30,1,1,6
-12.1112083,-77.0336075,Miraflores,747,72,2,2,10
-12.1114046,-77.0333255,Miraflores,900,116,3,1,10
-12.0941688,-77.0507851,San Isidro,600,60,1,1,9
-12.118492,-77.016808,Miraflores,773,80,3,2,10
-12.078574,-77.035425,Cercado de Lima,613,60,2,2,6
-12.3399528,-76.824884,Punta Hermosa,800,95,3,2,4
-12.10175,-76.980262,Santiago de Surco,1200,153,3,3,10
-12.1175983,-77.0054234,Surquillo,680,76,2,2,9
-11.9698343,-77.080261,San Martin de Porres,480,120,5,5,10
-12.086483,-77.0807207,San Miguel,720,72,3,2,8
-11.9932111,-77.0790716,San Martin de Porres,453,100,3,2,10
-12.0860663,-77.0740328,San Miguel,613,85,3,2,8
-12.0837056,-77.0497372,Jesus Maria,760,74,3,2,7
-12.0246529,-76.9713404,San Juan de Lurigancho,213,40,2,1,8
-12.0765837,-76.9578001,La Molina,2000,210,4,1,10
-12.1094552,-77.0056402,Surquillo,683,92,3,1,9
-12.135575,-77.026187,Miraflores,1500,157,3,1,10
-12.1283393,-77.0309687,Miraflores,747,80,1,2,10
-12.1239971,-76.9920747,Santiago de Surco,507,50,2,1,10
-12.097165,-76.9731991,Santiago de Surco,1307,145,4,1,10
-12.0597,-77.042829,Cercado de Lima,639,104,3,1,6
-12.120971,-77.02402,Miraflores,892,88,3,2,10
-12.1189673,-77.0379943,Miraflores,1000,80,2,2,10
-12.1133406,-77.0478198,Miraflores,1000,56,2,2,10
-12.093061,-77.0264787,San Isidro,1100,68,2,2,9
-12.3023,-76.850259,Lurin,933,120,3,1,1
-12.0906117,-77.0277721,San Isidro,640,48,1,1,9
-12.3857498,-76.7793318,San Bartolo,933,70,2,2,9
-12.102536,-77.022067,San Isidro,800,56,2,2,9
-12.0923582,-76.9684476,Santiago de Surco,1013,112,2,2,10
-12.1300663,-77.0339997,Miraflores,3500,210,3,1,10
-12.001037,-77.0974251,Callao,373,140,4,2,11
-12.1308174,-77.00172049999999,Santiago de Surco,853,76,3,2,10
-11.9695157,-77.0911017,San Martin de Porres,200,60,2,2,10
-12.138395,-77.020523,Barranco,553,39,1,1,5
-12.1409507,-77.0090012,Santiago de Surco,637,75,3,2,10
-12.0698425,-77.1020401,San Miguel,453,61,3,2,8
-12.093274,-77.0270818,San Isidro,800,54,1,1,9
-12.0927514,-77.0276429,San Isidro,720,45,1,1,9
-12.067952503625026,-77.0473639465576,Jesus Maria,613,63,2,2,7
-12.0757342,-77.0697802,Pueblo Libre,693,117,3,3,10
-12.0804725,-77.055202,Jesus Maria,560,42,1,1,7
-12.0543208,-77.0350673,Cercado de Lima,373,60,2,1,6
-12.089747,-77.0433228,San Isidro,867,74,2,3,9
-12.0824047,-76.99518719999999,San Borja,960,158,4,3,11
-12.1276896,-77.0354473,Miraflores,3800,250,3,3,10
-12.0072928,-77.0730376,San Martin de Porres,373,140,3,2,10
-12.1151889,-76.9700391,Santiago de Surco,1200,165,4,4,10
-12.0948664,-77.0588927,Magdalena del Mar,933,91,3,1,8
-11.9291596,-77.0579889,Comas,227,55,2,1,5
-12.1269883,-77.0269971,Miraflores,2200,217,2,3,10
-12.1079525,-77.0477662,San Isidro,667,75,3,1,9
-12.1203191,-77.043116,Miraflores,1500,119,3,2,10
-12.0971499,-77.0324035,San Isidro,1150,60,2,2,9
-12.136911,-77.022419,Barranco,533,28,1,1,5
-12.0974149,-77.0704553,Magdalena del Mar,773,90,2,2,8
-12.1305128,-77.0066793,Santiago de Surco,2350,235,3,3,10
-12.0926354,-77.0809125,San Miguel,507,36,1,1,8
-12.0825324,-77.1038796,San Miguel,427,42,1,1,8
-12.0944807,-77.0558825,San Isidro,600,38,1,1,9
-12.1385658,-77.0222258,Barranco,499,39,1,1,5
-11.9250375,-77.0609531,Comas,320,75,3,2,5
-12.1334989,-77.0222173,Miraflores,773,86,2,3,10
-12.1775717,-77.0002642,Chorrillos,613,62,3,2,10
-12.1200634,-77.0329378,Miraflores,1100,138,2,2,10
-12.0944895,-77.0495666,San Isidro,853,101,3,2,9
-12.088166,-77.046522,San Isidro,547,50,1,1,9
-12.141718,-77.010648,Santiago de Surco,569,74,3,2,10
-12.08301,-76.963303,La Molina,1200,110,2,1,10
-12.1694008,-76.9948346,Chorrillos,533,60,2,2,10
-12.087905,-77.042754,San Isidro,747,95,3,3,9
-12.1247246,-77.0294983,Miraflores,1200,160,3,3,10
-12.1048951,-76.953423,La Molina,533,60,1,1,10
-12.1412665,-77.0233053,Barranco,560,45,1,1,5
-12.10423952,-76.93748955,La Molina,608,80,3,2,10
-11.9983344,-77.0804123,San Martin de Porres,267,120,3,2,10
-12.118921,-77.033686,Miraflores,750,75,1,3,10
-11.955373,-76.982742,San Juan de Lurigancho,240,90,2,1,8
-12.085216,-77.053216,Jesus Maria,1120,97,3,2,7
-12.0978298,-77.0478963,San Isidro,2500,155,3,2,9
-12.099722,-77.062893,Magdalena del Mar,743,77,3,2,8
-12.1026384,-77.0460898,San Isidro,1600,160,3,3,9
-12.1258688,-77.026949,Miraflores,950,94,3,2,10
-11.994757,-77.092964,San Martin de Porres,213,80,2,1,10
-12.092949,-76.999288,San Borja,953,97,3,1,11
-12.1319315,-77.0157039,Santiago de Surco,1200,180,3,3,10
-12.0922488,-77.0264768,San Isidro,893,65,2,2,9
-11.948085,-77.069477,Los Olivos,262,48,2,1,15
-12.082052,-77.059298,Jesus Maria,667,55,2,2,7
-12.1282272,-77.0298011,Miraflores,533,52,1,1,10
-12.0860919,-77.095423,San Miguel,453,50,1,1,8
-12.091878,-76.9862527,San Borja,1100,112,3,1,11
-12.1100846,-77.0396262,Miraflores,1600,115,2,2,10
-12.0939898,-77.0460281,San Isidro,700,50,1,1,9
-12.07203462,-77.06276135,Pueblo Libre,733,77,3,2,10
-12.0976943,-76.9510851,La Molina,413,110,3,1,10
-12.1158155,-77.046113,Miraflores,720,79,3,2,10
-12.0675431,-77.0612191,Pueblo Libre,667,85,2,2,10
-12.0949424,-77.0537064,San Isidro,800,65,1,2,9
-12.0825324,-77.1038796,San Miguel,560,53,2,2,8
-12.096517,-77.0287367,San Isidro,861,60,2,2,9
-11.980847,-77.055157,Independencia,355,75,2,2,12
-11.9305972,-77.0585214,Comas,320,61,3,2,5
-12.089958,-77.019408,La Victoria,930,69,3,2,2
-12.0766923,-77.054108,Jesus Maria,587,60,2,2,7
-12.0873067,-77.0299726,Lince,640,83,2,2,5
-12.1189673,-77.0379943,Miraflores,747,78,2,2,10
-12.111678,-76.943448,La Molina,443,70,1,1,10
-11.9346342,-77.0646182,Comas,267,70,2,2,5
-12.0930037,-77.0372869,San Isidro,640,74,2,1,9
-12.1364892,-76.9830626,Santiago de Surco,587,80,3,1,10
-12.0994211,-77.0627102,Magdalena del Mar,600,50,1,2,8
-12.098268,-77.068924,Magdalena del Mar,1100,102,2,2,8
-12.1290699,-77.023562,Miraflores,1000,107,3,2,10
-12.1125922,-77.0142962,Surquillo,693,73,2,3,9
-12.1043622,-76.9372231,La Molina,533,85,3,2,10
-12.0004769,-77.065749,San Martin de Porres,320,70,2,1,10
-12.0866362,-77.06361841,Magdalena del Mar,747,85,3,2,8
-12.092796,-76.994833,San Borja,1200,166,3,1,11
-12.1276318,-76.9849947,Santiago de Surco,1100,90,3,2,10
-12.0829646,-77.0514406,Jesus Maria,667,60,2,2,7
-11.92842,-77.059418,Comas,267,63,3,2,5
-12.3277422,-76.8338229,Punta Hermosa,1200,118,4,3,4
-11.9594606,-77.0577386,Comas,373,97,2,2,5
-12.1160619,-76.9949045,Santiago de Surco,1100,125,2,3,10
-11.9941528,-77.110367,Callao,267,50,1,1,11
-12.0787799,-76.9925644,San Luis,667,79,2,2,15
-12.104732,-77.038479,San Isidro,780,39,1,1,9
-12.1341937,-76.982194,Santiago de Surco,667,100,2,2,10
-12.0990152,-77.0066856,San Borja,933,100,3,2,11
-12.0855229,-77.0547669,Jesus Maria,613,70,2,2,7
-12.1027965,-77.0208898,San Isidro,733,70,3,2,9
-12.109734,-76.968523,Santiago de Surco,933,105,3,1,10
-12.1302113,-77.0194952,Miraflores,747,70,1,2,10
-12.1145462,-77.0347273,Miraflores,850,74,1,2,10
-11.8924986,-77.0647549,Puente Piedra,267,90,4,3,4
-12.070684,-77.103714,San Miguel,360,50,1,1,8
-12.1211283,-77.0248174,Miraflores,1200,123,2,4,10
-12.18059,-77.0017,Chorrillos,488,55,2,2,10
-12.107858,-76.97931,Santiago de Surco,690,58,1,1,10
-12.1265382,-77.0326576,Miraflores,1300,195,2,4,10
-12.1054608,-76.9936001,San Borja,900,96,3,3,11
-12.0973593,-77.0324006,San Isidro,667,48,1,1,9
-12.1178445,-77.022479,Miraflores,427,35,1,1,10
-11.99265183,-77.08011638,San Martin de Porres,400,120,3,1,10
-11.9257997,-77.0612581,Comas,253,56,3,1,5
-12.059868,-77.0446834,Cercado de Lima,427,54,2,2,6
-12.1187986,-77.0076943,Surquillo,640,62,2,2,9
-12.0711707,-77.0915027,San Miguel,773,123,3,3,8
-12.1272067,-77.024917,Miraflores,800,79,2,2,10
-12.09028756,-77.01882842,La Victoria,1280,83,3,2,2
-12.15804276,-76.98928651,Santiago de Surco,467,79,3,2,10
-12.0790363,-77.0151933,La Victoria,827,125,4,1,2
-12.121328,-77.018061,Miraflores,950,60,2,2,10
-12.1411508,-77.0221186,Barranco,820,55,1,1,5
-12.140383,-77.022943,Barranco,853,65,2,2,5
-12.12571756,-77.03400213,Miraflores,1100,98,3,2,10
-12.19638402,-77.01421814,Chorrillos,533,100,3,2,10
-12.078176,-77.0432176,Jesus Maria,1500,120,3,2,7
-12.1426882,-76.9730637,Santiago de Surco,213,84,3,2,10
-12.0949942,-76.9658475,Santiago de Surco,667,70,2,1,10
-12.1318567,-77.0018962,Santiago de Surco,773,116,2,2,10
-12.093732,-77.026606,San Isidro,832,45,1,1,9
-12.119323,-77.018959,Miraflores,825,61,3,2,10
-12.102375,-76.994097,San Borja,667,100,3,2,11
-11.9654196,-77.10448458,San Martin de Porres,427,80,7,6,10
-12.0752195,-77.0383179,Cercado de Lima,533,40,1,1,6
-12.0771967,-77.0916441,San Miguel,667,70,2,2,8
-12.3849381,-76.7704642,San Bartolo,1150,168,3,3,9
-12.0744554,-77.0439823,Jesus Maria,827,100,3,2,7
-12.0588946,-77.0780061,Cercado de Lima,453,130,3,1,6
-12.1258539,-77.0086836,Miraflores,893,100,3,2,10
-12.1182021,-77.006361,Surquillo,667,84,3,2,9
-12.1366252,-76.9887497,Santiago de Surco,573,59,2,1,10
-12.0756608,-77.0758303,San Miguel,1000,130,3,3,8
-12.0169659,-76.9973232,San Juan de Lurigancho,400,72,3,2,8
-12.08998,-77.050101,San Isidro,2300,151,2,1,9
-12.0852564,-77.0969817,San Miguel,533,75,3,2,8
-12.1179567,-77.0347466,Miraflores,720,65,1,1,10
-12.013402,-76.984468,San Juan de Lurigancho,446,70,2,1,8
-11.8924126,-77.0311683,Carabayllo,320,120,3,1,2
-12.006474,-77.0902615,San Martin de Porres,293,74,2,1,10
-12.1597847,-76.9689642,San Juan de Miraflores,240,40,1,1,10
-11.98323,-76.83367,Lurigancho,244,51,1,1,9
-12.010991,-77.01031,San Juan de Lurigancho,320,60,2,1,8
-12.0780409,-77.0955822,San Miguel,680,73,3,2,8
-12.0313819,-77.0004758,El Agustino,293,45,1,1,8
-12.1301083,-77.0327789,Miraflores,1900,190,3,3,10
-12.1191345,-77.036787,Miraflores,1000,80,2,2,10
-12.1406661,-76.9819031,Santiago de Surco,747,120,3,3,10
-12.0839184,-76.9784867,Santiago de Surco,1500,140,3,3,10
-12.148536,-77.02035,Barranco,733,60,3,2,5
-12.123591,-77.025979,Miraflores,1220,73,2,2,10
-12.13784232,-77.02676196,Miraflores,960,60,2,2,10
-12.006474,-77.09026150000001,San Martin de Porres,627,157,2,2,10
-12.0783092,-77.0553256,Jesus Maria,667,73,2,2,7
-12.117483,-77.00388,Surquillo,750,75,3,2,9
-11.9327968,-77.0745243,Los Olivos,347,120,3,2,15
-12.3181634,-76.8330842,Punta Hermosa,6500,149,3,4,4
-12.098009,-76.945371,La Molina,700,109,3,2,10
-12.1057824,-77.0323098,Miraflores,1500,168,3,3,10
-12.0663822,-77.0503993,Brena,387,85,3,2,10
-12.070131,-77.062793,Pueblo Libre,827,91,3,2,10
-12.12433,-76.994602,Santiago de Surco,1200,110,3,1,10
-12.127572,-77.034374,Miraflores,2000,150,3,1,10
-12.090039,-77.019886,La Victoria,890,76,2,2,2
-12.1719297,-76.9904292,Chorrillos,387,88,3,2,10
-12.0750979,-77.0323317,Cercado de Lima,667,39,1,1,6
-11.9988321,-77.06379,Los Olivos,427,72,3,1,15
-12.1258688,-77.026949,Miraflores,1100,128,3,3,10
-12.0944711,-76.9837173,Santiago de Surco,827,164,5,5,10
-12.1210499,-77.0239734,Miraflores,1100,180,3,1,10
-12.1139806,-76.9977394,Surquillo,550,39,1,1,9
-12.122486,-77.0313539,Miraflores,880,96,2,2,10
-11.975429,-77.072998,San Martin de Porres,293,60,2,1,10
-12.11909254,-77.04180809,Miraflores,1000,78,2,2,10
-12.1783113,-77.0003606,Chorrillos,467,66,3,2,10
-12.1266433,-77.0260809,Miraflores,717,57,2,1,10
-12.097964,-76.962062,Santiago de Surco,1000,55,1,1,10
-11.948159,-77.069485,Los Olivos,260,50,2,1,15
-12.087976,-77.0706511,Magdalena del Mar,587,58,2,2,8
-12.077982,-77.103405,San Miguel,533,67,2,2,8
-12.1210566,-76.99480109999999,Santiago de Surco,747,90,2,1,10
-12.094986,-77.047368,San Isidro,1800,159,3,1,9
-12.1172388,-77.0405085,Miraflores,1195,84,3,2,10
-12.1158735,-76.9981239,Surquillo,634,71,2,2,9
-12.133685,-76.9967625,Santiago de Surco,667,85,2,2,10
-12.179327,-76.9991857,Chorrillos,520,69,3,2,10
-12.095302,-77.00846179999999,San Borja,1400,126,3,2,11
-12.0301428,-76.9353201,Ate,453,119,3,2,12
-12.1380647,-77.0225158,Barranco,707,45,1,1,5
-12.1798431,-77.0052306,Chorrillos,600,73,3,2,10
-12.089761,-77.01592,La Victoria,813,59,2,2,2
-12.0802295,-77.047294,Jesus Maria,720,81,3,2,7
-12.09613,-77.057936,Magdalena del Mar,1250,98,3,1,8
-12.0878098,-77.0639074,Magdalena del Mar,560,45,1,1,8
-12.1003508,-77.0624362,Magdalena del Mar,720,73,2,2,8
-12.1365798,-77.0225352,Barranco,613,42,1,1,5
-12.1152552,-77.0484237,Miraflores,3800,272,3,3,10
-12.1114209,-77.0476707,Miraflores,1053,62,2,2,10
-12.0926504,-77.0268858,San Isidro,780,45,1,1,9
-12.0706615,-76.9883265,Ate,427,63,2,1,12
-11.9591501,-77.0891281,San Martin de Porres,227,100,2,1,10
-12.0756608,-77.0758303,San Miguel,520,65,2,2,8
-12.073097,-76.987345,Ate,947,130,3,2,12
-12.0644997,-77.0808812,Cercado de Lima,480,80,2,1,6
-12.0884476,-76.9999528,San Borja,493,85,3,2,11
-12.0926311,-77.0685548,Magdalena del Mar,693,90,3,2,8
-12.128391,-77.03371,Miraflores,915,115,3,2,10
-12.1200664,-77.0364127,Miraflores,1350,95,2,2,10
-12.1021385,-77.01197309999999,San Isidro,1280,152,3,2,9
-12.096948,-77.046237,San Isidro,5000,510,5,5,9
-12.1032335,-77.007573,San Borja,893,98,2,3,11
-11.9277948,-77.0442509,Comas,267,80,3,1,5
-12.0684009,-77.0622401,Pueblo Libre,640,84,3,2,10
-12.29879983,-76.8551105,Lurin,480,73,1,1,1
-12.1456363,-77.007304,Santiago de Surco,528,78,3,2,10
-11.895531,-77.067386,Puente Piedra,257,54,3,1,4
-12.118821,-77.017663,Miraflores,896,120,3,3,10
-12.0734128,-77.0475637,Jesus Maria,613,63,2,2,7
-12.066032,-77.045786,Jesus Maria,629,53,2,2,7
-12.1056829,-76.96819772,Santiago de Surco,1000,115,3,1,10
-12.0927514,-77.0276429,San Isidro,987,65,2,2,9
-12.1386169,-77.0251705,Barranco,950,46,1,1,5
-12.0353817,-76.9546458,Ate,200,25,1,1,12
-12.0960129,-77.0472169,San Isidro,1467,170,4,4,9
-12.122978,-76.9856739,Santiago de Surco,1093,107,2,3,10
-12.116769,-77.003381,Surquillo,680,64,3,2,9
-12.1564944,-76.987879,Santiago de Surco,533,63,2,1,10
-12.1208537,-77.0026588,Surquillo,533,50,1,1,9
-12.0940387,-77.0348856,San Isidro,1150,139,2,2,9
-12.129924,-77.033226,Miraflores,2000,260,5,4,10
-12.0787957,-77.0594949,Pueblo Libre,480,40,1,1,10
-12.0820795,-77.04996729999999,Jesus Maria,800,58,2,2,7
-12.0663246,-76.9414611,Ate,693,137,3,2,12
-12.0720457,-77.0628297,Pueblo Libre,635,61,2,2,10
-12.1046599,-77.0257966,Miraflores,613,53,2,2,10
-12.122486,-77.0313539,Miraflores,933,80,2,1,10
-12.0928786,-77.0745091,Magdalena del Mar,587,47,1,1,8
-12.0780409,-77.0955822,San Miguel,653,73,3,2,8
-12.1086795,-76.9857227,Santiago de Surco,1700,150,3,2,10
-12.1222613,-77.0367745,Miraflores,1493,152,3,4,10
-12.0948421,-77.0532653,San Isidro,850,80,2,2,9
-12.0644511,-76.9507013,Ate,747,97,3,2,12
-12.0864978,-77.0470536,San Isidro,453,49,2,1,9
-12.0916637,-77.0339347,San Isidro,720,80,1,2,9
-12.1000416,-77.0629635,Magdalena del Mar,773,109,3,3,8
-12.0940335,-77.0266508,San Isidro,762,45,1,1,9
-12.083217,-77.044062,Lince,553,71,2,2,5
-12.1265489,-77.0280281,Miraflores,760,74,1,1,10
-12.097902,-77.02913,San Isidro,1200,60,2,2,9
-12.0927514,-77.0276429,San Isidro,667,45,1,1,9
-11.9290438,-77.0576263,Comas,227,51,2,1,5
-12.105782,-77.03231,Miraflores,740,66,1,1,10
-12.0989214,-77.0691057,Magdalena del Mar,800,81,2,1,8
-12.116754,-76.938828,La Molina,533,86,3,2,10
-12.1335441,-76.9888683,Santiago de Surco,1050,101,3,2,10
-12.0950757,-77.0289437,San Isidro,1400,70,2,2,9
-12.1115949,-77.0508033,Miraflores,2500,190,3,4,10
-12.1319578,-77.03049159999999,Miraflores,2000,160,3,3,10
-12.0566298,-77.04477510000001,Cercado de Lima,560,90,3,2,6
-12.09525,-77.0418134,San Isidro,773,60,1,1,9
-12.122759,-77.030959,Miraflores,739,40,1,1,10
-12.1026384,-77.04608979999999,San Isidro,1600,180,3,2,9
-12.073916,-77.105482,San Miguel,400,60,1,1,8
-12.3090795,-76.8406195,Punta Hermosa,693,120,3,3,4
-12.0849417,-77.093139,San Miguel,453,76,2,2,8
-12.11791,-77.0411201,Miraflores,747,78,2,2,10
-11.92580489,-77.06140555,Comas,293,63,3,2,5
-12.1041,-77.0432743,San Isidro,600,60,1,1,9
-12.0481366,-77.035276,Cercado de Lima,507,76,2,1,6
-12.097349,-77.0323884,San Isidro,1000,62,2,2,9
-12.1686222,-76.9925009,Chorrillos,533,73,3,2,10
-12.139655,-77.023086,Barranco,650,43,1,1,5
-12.0832695,-77.0534118,Jesus Maria,600,39,1,1,7
-11.9522847,-77.0897253,San Martin de Porres,237,68,3,2,10
-12.0289093,-77.0160069,San Juan de Lurigancho,533,90,3,1,8
-12.128648,-77.00072759999999,Santiago de Surco,667,90,2,2,10
-12.2081999,-77.0184158,Chorrillos,747,134,3,2,10
-12.1391916,-77.0241223,Barranco,750,45,1,1,5
-12.0694286,-77.0548101,Pueblo Libre,640,52,2,2,10
-12.116718,-77.046875,Miraflores,1450,123,2,2,10
-12.12278131,-77.02439079,Miraflores,2000,120,3,2,10
-11.97187604,-76.99878038,San Juan de Lurigancho,493,140,3,2,8
-11.9291543,-77.0553592,Comas,320,50,3,1,5
-12.09262354,-77.02799231,San Isidro,747,50,1,1,9
-12.098129,-76.980553,Santiago de Surco,1400,151,3,1,10
-12.1262068,-77.0208213,Miraflores,800,42,1,1,10
-12.07693,-77.09221,San Miguel,575,69,2,2,8
-12.073975,-77.033207,Cercado de Lima,440,60,2,1,6
-11.929011,-77.057614,Comas,227,54,2,1,5
-12.137991,-77.019166,Barranco,669,75,2,2,5
-12.155954,-77.0225811,Barranco,720,66,2,2,5
-12.1255069,-77.0294354,Miraflores,1300,180,2,2,10
-11.9732625,-76.8057344,Lurigancho,480,125,3,4,9
-11.9286474,-77.0560451,Comas,200,50,1,1,5
-12.093154,-77.059821,Magdalena del Mar,660,44,1,1,8
-12.0918101,-77.0422032,San Isidro,1100,123,2,2,9
-12.1031912,-77.026253,Surquillo,360,25,1,1,9
-12.0842018,-77.0181407,La Victoria,533,45,1,1,2
-12.0946914,-77.0166079,San Isidro,1600,240,3,3,9
-12.1701708,-77.0000691,Chorrillos,533,87,3,2,10
-12.0644997,-77.0808812,Cercado de Lima,584,105,3,2,6
-12.14142,-77.001286,Santiago de Surco,373,53,1,1,10
-12.0953876,-77.0472662,San Isidro,1750,174,2,1,9
-12.1727298,-76.99734373,Chorrillos,427,72,3,1,10
-12.1211283,-77.0248174,Miraflores,1200,126,2,4,10
-12.1582751,-77.0240518,Chorrillos,453,25,1,1,10
-12.1305439,-77.0235229,Miraflores,870,70,1,1,10
-12.1180079,-77.0018107,Surquillo,773,69,2,2,9
-12.1267307,-77.0132143,Miraflores,693,50,1,1,10
-12.1167194,-77.0132588,Miraflores,507,48,1,1,10
-12.1150353,-76.9824942,Santiago de Surco,2600,205,3,2,10
-12.1193412,-77.0160126,Miraflores,850,140,3,3,10
-12.093732,-77.026606,San Isidro,700,45,1,1,9
-11.9306891,-77.0584403,Comas,293,63,3,1,5
-12.0856306,-77.040745,Lince,493,70,2,1,5
-12.05904,-77.065267,Cercado de Lima,540,72,3,2,6
-12.0926311,-77.0685548,Magdalena del Mar,667,80,3,2,8
-12.087873,-77.0622472,Magdalena del Mar,800,60,2,2,8
-12.164881,-76.9875614,Santiago de Surco,700,116,3,1,10
-12.119371,-77.0418,Miraflores,1000,84,3,2,10
-12.0681636,-76.937292,Ate,640,103,3,2,12
-12.11592645,-77.03059908,Miraflores,840,63,2,1,10
-12.0971499,-77.0324035,San Isidro,798,46,1,1,9
-12.1232967,-77.001859,Surquillo,720,70,3,2,9
-12.0735938,-77.0725783,Pueblo Libre,720,87,3,2,10
-12.125673,-77.028565,Miraflores,1023,75,2,2,10
-12.100534,-77.053742,San Isidro,1650,216,4,1,9
-12.147344,-77.0233949,Barranco,4500,312,3,3,5
-12.115255,-77.048424,Miraflores,1500,87,1,1,10
-12.078337,-77.033405,Cercado de Lima,427,45,1,1,6
-12.1087922,-76.9553753,Santiago de Surco,750,114,3,2,10
-12.1361133,-77.0216501,Barranco,700,60,1,1,5
-12.1227615,-77.0146044,Miraflores,2250,217,2,3,10
-12.0997318,-76.97088160000001,Santiago de Surco,850,99,2,3,10
-12.1265382,-77.0326576,Miraflores,1200,90,3,2,10
-12.0970075,-77.0340185,San Isidro,1200,55,2,2,9
-12.1018902,-77.0176515,San Isidro,627,46,1,1,9
-11.9264919,-77.05613869999999,Comas,240,50,2,1,5
-12.0769302,-77.09221,San Miguel,650,44,1,1,8
-12.0911747,-77.02493199999999,San Isidro,667,45,1,1,9
-12.0890763,-77.0544828,Jesus Maria,933,79,3,2,7
-12.007263,-77.062616,San Martin de Porres,457,84,3,2,10
-12.108446,-77.039876,Miraflores,2000,128,3,1,10
-12.0628001,-77.0787728,Cercado de Lima,560,61,2,2,6
-12.047305,-77.05527,Cercado de Lima,593,64,3,2,6
-12.128004,-76.9679066,Santiago de Surco,2200,271,3,3,10
-12.087067,-77.092641,San Miguel,738,70,2,2,8
-12.08382,-77.056629,Jesus Maria,667,63,2,2,7
-12.159407,-76.9934625,Santiago de Surco,533,75,3,2,10
-12.089914,-77.083812,San Miguel,655,50,2,2,8
-12.0878383,-77.0744277,San Miguel,667,58,3,2,8
-12.084339,-77.025235,La Victoria,543,39,1,1,2
-12.11854954,-77.02751631,Miraflores,982,62,2,2,10
-12.119691,-77.01391,Miraflores,1500,180,3,4,10
-12.1264638,-77.0362616,Miraflores,3500,225,3,3,10
-12.1139104,-76.9788491,Santiago de Surco,1307,140,3,3,10
-12.0600327,-76.9347743,Ate,427,60,2,2,12
-12.1040759,-76.9589275,Santiago de Surco,773,130,3,2,10
-12.03208285,-77.03733653,Rimac,1333,130,9,6,4
-11.8651408,-77.0546924,Carabayllo,227,57,3,1,2
-12.0754313,-77.0539208,Jesus Maria,533,72,3,2,7
-12.0829646,-77.0514406,Jesus Maria,587,42,1,1,7
-12.1201903,-77.0347757,Miraflores,1120,90,2,2,10
-12.0664922,-76.9354192,Ate,720,77,3,2,12
-12.0736818,-76.9474402,La Molina,800,117,3,3,10
-12.0888945,-77.0334476,San Isidro,750,65,2,2,9
-11.9972273,-77.0748414,San Martin de Porres,480,80,3,2,10
-12.0862868,-77.0929142,San Miguel,427,46,2,2,8
-12.0694286,-77.0548101,Pueblo Libre,533,45,1,1,10
-12.20415,-77.0114109,Chorrillos,949,120,3,2,10
-11.9243749,-77.0847641,Puente Piedra,320,120,3,3,4
-12.1302412,-77.020125,Miraflores,900,100,2,2,10
-12.0955493,-77.0595526,Magdalena del Mar,900,100,3,2,8
-12.096983,-77.03106799999999,San Isidro,861,60,2,2,9
-12.076054,-77.100359,San Miguel,562,95,3,2,8
-12.165794,-77.0256728,Chorrillos,1350,180,3,3,10
-11.948085,-77.069477,Los Olivos,240,56,2,1,15
-11.9243348,-77.06006834,Comas,240,58,3,1,5
-12.121852,-77.019899,Miraflores,770,60,1,1,10
-12.0415,-77.038479,Cercado de Lima,347,89,3,1,6
-12.1164656,-76.9400397,La Molina,800,81,3,1,10
-12.087242,-77.067849,Magdalena del Mar,533,90,3,2,8
-12.137417,-77.0223457,Barranco,750,43,1,1,5
-12.0846557,-77.034531,Lince,613,55,2,2,5
-11.94090214,-77.08649237,San Martin de Porres,293,120,3,2,10
-12.0778507,-77.06831319999999,Pueblo Libre,667,82,3,2,10
-12.0826131,-77.0504065,Jesus Maria,613,46,1,1,7
-12.11416,-76.997868,Surquillo,667,70,2,2,9
-12.1385658,-77.0222258,Barranco,507,39,1,1,5
-12.093707552863211,-77.02302338943787,San Isidro,800,61,2,2,9
-12.1006475,-76.976051,Santiago de Surco,587,108,1,1,10
-11.9295918,-77.0711618,Los Olivos,267,67,6,2,15
-12.0852763,-77.0533767,Jesus Maria,800,95,3,1,7
-12.089346,-77.062811,Magdalena del Mar,640,100,1,1,8
-11.86372491,-77.04540619,Carabayllo,213,105,3,2,2
-12.13847252,-77.02230832,Barranco,627,40,1,1,5
-12.1255069,-77.0294354,Miraflores,1400,137,2,2,10
-12.1376421,-77.0177906,Barranco,640,41,1,1,5
-12.139658,-77.021691,Barranco,587,38,1,1,5
-12.1408728,-77.0233457,Barranco,700,48,1,1,5
-11.9286474,-77.0560451,Comas,213,60,2,2,5
-12.16572965,-77.02142879,Chorrillos,853,70,2,2,10
-12.0835827,-77.0533062,Jesus Maria,800,99,3,2,7
-12.1145664,-77.0294772,Miraflores,850,70,2,2,10
-12.0942953,-77.0459161,San Isidro,613,44,1,2,9
-12.1148875,-77.0487984,Miraflores,2000,220,2,3,10
-12.0548441,-77.077733,Cercado de Lima,440,60,1,2,6
-12.1224007,-77.0277871,Miraflores,680,42,1,1,10
-12.140275,-77.0232716,Barranco,760,52,1,1,5
-12.1268505,-77.0340104,Miraflores,2000,144,3,1,10
-12.118334,-77.007954,Surquillo,667,67,3,2,9
-12.0813581,-77.0576695,Jesus Maria,667,68,2,2,7
-12.1399966,-77.0236548,Barranco,690,42,1,1,5
-12.13039,-77.031827,Miraflores,2500,252,3,1,10
-12.08841104,-77.07974113,San Miguel,520,90,3,1,8
-12.14320063,-76.98541358,Santiago de Surco,667,85,3,1,10
-12.0697871,-77.0963293,San Miguel,400,92,3,2,8
-12.002025,-76.836036,Ate,518,150,3,1,12
-12.104737,-77.038478,San Isidro,854,43,2,1,9
-12.0986759,-77.060729,Magdalena del Mar,520,45,1,1,8
-12.126895,-77.032713,Miraflores,1200,120,2,3,10
-12.093385,-77.0294447,San Isidro,400,27,1,1,9
-12.0770025,-77.0358065,Cercado de Lima,533,40,1,1,6
-12.081416,-77.057638,Jesus Maria,852,90,3,3,7
-12.1211984,-77.0390233,Miraflores,1170,120,3,2,10
-12.06590852,-77.05475985,Cercado de Lima,453,59,2,1,6
-12.1193112,-77.0283794,Miraflores,987,68,2,2,10
-12.0810346,-77.0698657,Pueblo Libre,533,85,3,2,10
-11.92804604,-77.05920614,Comas,293,55,3,1,5
-12.0706572,-77.0662401,Pueblo Libre,400,29,1,1,10
-12.082234,-77.0582167,Jesus Maria,987,120,2,2,7
-12.0707924,-77.0505214,Pueblo Libre,667,80,3,2,10
-12.1217856,-77.030449,Miraflores,2200,170,3,2,10
-12.10213915,-77.03932866,San Isidro,1100,150,3,2,9
-12.0677522,-77.0666563,Cercado de Lima,613,45,1,1,6
-12.081906,-77.045957,Jesus Maria,930,85,3,2,7
-12.015821,-76.895773,Ate,576,135,3,3,12
-12.1283563,-77.0256004,Miraflores,750,41,1,1,10
-12.065164,-77.042755,Cercado de Lima,605,44,1,1,6
-12.11128989,-77.02547573,Miraflores,533,67,3,2,10
-12.19636185,-77.01428719,Chorrillos,533,97,2,2,10
-12.104737,-77.038478,San Isidro,1195,45,2,1,9
-12.113759,-76.973776,Santiago de Surco,1086,172,3,1,10
-12.10745,-77.016273,Surquillo,691,65,2,2,9
-12.1242202,-77.02572,Miraflores,1345,133,3,3,10
-12.0669192,-77.057421,Cercado de Lima,533,70,2,2,6
-12.122486,-77.0313539,Miraflores,1200,90,3,2,10
-12.0970297,-77.0339119,San Isidro,800,70,2,2,9
-12.1148828,-76.972168,Santiago de Surco,1950,265,3,3,10
-12.0707533,-76.93922719999999,La Molina,747,97,3,2,10
-11.9826962,-76.8220288,Lurigancho,213,60,2,1,9
-12.122486,-77.0313539,Miraflores,693,90,2,2,10
-12.0610383,-76.9476236,Ate,667,80,3,2,12
-12.0834148,-76.9623877,La Molina,1550,110,1,1,10
-12.1627985,-76.9912622,Santiago de Surco,427,50,1,1,10
-12.178311,-77.000361,Chorrillos,533,63,3,2,10
-12.177615,-76.9994908,Chorrillos,533,70,3,2,10
-11.9955921,-77.1042884,Callao,213,60,2,1,11
-12.0738849,-77.0733293,Pueblo Libre,480,63,2,1,10
-12.122724,-77.027165,Miraflores,857,84,2,1,10
-12.128673,-77.024208,Miraflores,700,51,1,1,10
-11.927895,-77.057346,Comas,238,50,2,1,5
-12.0759263,-77.0696782,Pueblo Libre,640,96,4,3,10
-12.126018,-77.020804,Miraflores,720,41,1,1,10
-12.075543740465095,-77.03682884321697,Cercado de Lima,560,55,2,2,6
-11.930695,-77.0584357,Comas,267,70,3,2,5
-12.1586643,-77.0240613,Chorrillos,800,112,3,2,10
-12.106289,-76.989112,Santiago de Surco,1550,209,3,1,10
-12.07191077,-76.94022464,La Molina,747,70,1,2,10
-12.1148875,-77.0487984,Miraflores,1700,115,3,2,10
-12.1040954,-77.0184767,San Isidro,587,43,1,1,9
-12.1027293,-77.0383799,San Isidro,1160,53,1,1,9
-12.0810346,-77.0698657,Pueblo Libre,587,85,3,2,10
-12.094668,-77.033987,San Isidro,772,81,2,2,9
-12.0906751,-77.0856423,San Miguel,680,70,2,2,8
-12.117942,-77.039574,Miraflores,2000,190,3,1,10
-12.1302412,-77.020125,Miraflores,1100,116,3,3,10
-12.148826,-76.9886041,Santiago de Surco,533,79,2,2,10
-12.116155,-77.047358,Miraflores,2800,180,3,1,10
-12.130366,-77.02299289999999,Miraflores,2500,176,2,1,10
-12.1176967,-77.0406372,Miraflores,1300,170,3,3,10
-12.1321588,-77.0255233,Miraflores,1100,100,2,3,10
-12.1802044,-77.0061995,Chorrillos,507,64,3,2,10
-12.1589084,-76.9891254,Santiago de Surco,480,81,3,2,10
-12.1183757,-77.0405456,Miraflores,1013,93,2,2,10
-12.1003778,-77.02131032,San Isidro,693,90,2,2,9
-12.0867995,-77.093792,San Miguel,560,60,2,2,8
-12.084289,-77.052228,Jesus Maria,750,74,2,2,7
-12.1176934,-77.0275942,Miraflores,853,65,2,2,10
-12.072047,-77.036602,Cercado de Lima,761,53,2,2,6
-12.1029765,-77.0210632,San Isidro,720,85,3,2,9
-11.9681338,-77.08977759999999,San Martin de Porres,200,60,2,2,10
-11.99570327,-77.07821515,San Martin de Porres,385,71,2,1,10
-12.1215669,-76.9948681,Santiago de Surco,1700,200,2,2,10
-12.0814018,-77.0930597,San Miguel,613,68,2,2,8
-12.140549,-77.009531,Santiago de Surco,800,70,3,2,10
-12.0746039,-76.98480359999999,Ate,480,58,1,1,12
-11.930663,-77.059515,Comas,293,65,3,2,5
-12.118041,-77.045482,Miraflores,2200,154,3,2,10
-12.086866,-77.078753,San Miguel,245,21,1,1,8
-12.0748398,-77.0873778,San Miguel,480,70,3,1,8
-12.0763865,-77.0657076,Pueblo Libre,587,80,3,1,10
-12.1061153,-77.0356283,Miraflores,1200,90,2,1,10
-12.0848137,-77.0486942,Jesus Maria,853,115,3,2,7
-12.116823,-77.0145894,Miraflores,747,70,3,2,10
-12.0691095,-76.9427781,Ate,880,150,3,4,12
-12.113315,-77.0456666,Miraflores,900,70,2,2,10
-12.0717143,-77.0553081,Pueblo Libre,613,50,2,2,10
-12.0525827,-77.052598,Cercado de Lima,480,110,3,3,6
-12.089884,-77.018755,La Victoria,792,70,2,2,2
-12.070149,-76.95368,Ate,476,40,2,1,12
-12.1391916,-77.0241223,Barranco,613,45,1,1,5
-12.0159719,-77.042925,Rimac,400,86,3,2,4
-11.99695634,-77.10825551,Callao,240,75,3,1,11
-12.1184401,-77.0166497,Miraflores,613,82,2,2,10
-12.0974067,-77.0007038,San Borja,1900,172,4,4,11
-12.1153509,-77.0449117,Miraflores,880,75,1,1,10
-12.0799347,-77.017614,La Victoria,667,117,3,1,2
-12.18212408,-77.00782624,Chorrillos,533,70,2,2,10
-12.0990479,-77.062184,Magdalena del Mar,627,62,1,2,8
-12.0705291,-77.0911459,San Miguel,507,70,3,1,8
-12.123762,-77.031899,Miraflores,925,91,2,2,10
-11.9264891,-77.0561437,Comas,240,50,3,1,5
-12.100652,-77.0206739,San Isidro,1700,170,3,2,9
-12.096517,-77.0287367,San Isidro,943,62,2,2,9
-12.084461,-76.9101273,La Molina,850,95,2,2,10
-12.0846637,-76.9894722,San Borja,533,69,2,2,11
-12.0266922,-77.0630152,San Martin de Porres,267,74,2,2,10
-12.0828169,-76.9842298,San Borja,533,60,2,1,11
-12.1265489,-77.0280281,Miraflores,690,74,1,1,10
-12.0525435,-76.9669868,Ate,480,62,3,2,12
-12.1107905,-77.0415478,Miraflores,2200,107,2,3,10
-12.0761323,-76.9823046,Ate,413,89,3,2,12
-12.0816325,-77.0281024,Lince,587,58,2,2,5
-12.093544,-77.076537,Magdalena del Mar,360,25,1,1,8
-12.12394297,-77.03590662,Miraflores,1500,150,3,3,10
-12.077681,-77.094936,San Miguel,533,65,3,2,8
-12.094662,-77.055999,Magdalena del Mar,1200,61,2,2,8
-11.999863,-77.082456,San Martin de Porres,240,60,2,1,10
-12.0546314,-77.0456319,Cercado de Lima,533,80,3,2,6
-12.126787,-77.028838,Miraflores,880,61,2,2,10
-12.1393686,-77.0207071,Barranco,630,42,1,2,5
-12.1564944,-76.987879,Santiago de Surco,480,64,2,1,10
-12.0632047,-76.9510038,Ate,373,90,1,2,12
-12.123354,-77.0393429,Miraflores,4500,361,5,4,10
-12.1798431,-77.0052306,Chorrillos,507,73,3,2,10
-12.1124826,-77.027326,Miraflores,747,75,3,2,10
-12.1225461,-77.0207786,Miraflores,771,67,1,2,10
-12.1265164,-77.0339043,Miraflores,2300,190,4,3,10
-12.0765816,-77.1061618,San Miguel,480,100,2,2,8
-12.0273375,-77.01295309999999,San Juan de Lurigancho,480,160,3,1,8
-11.9249733,-77.0617406,Comas,320,67,3,2,5
-11.9069003,-77.0366544,Comas,200,60,2,1,5
-12.1187968,-77.0359653,Miraflores,1050,126,3,2,10
-11.794422,-77.1479182,Ancon,253,56,2,1,9
-12.1182982,-77.0057436,Surquillo,747,73,3,2,9
-12.0868449,-77.0597241,Jesus Maria,853,96,3,4,7
-12.102917,-77.036295,San Isidro,1300,120,2,2,9
-12.074179,-77.03327,Cercado de Lima,676,95,3,2,6
-12.1575943,-76.9903891,Santiago de Surco,640,80,3,2,10
-11.9914137,-77.0831056,San Martin de Porres,320,120,3,1,10
-12.117183,-76.935483,La Molina,853,123,3,1,10
-12.1336589,-77.0194178,Barranco,867,73,2,1,5
-12.074234,-77.065306,Pueblo Libre,677,86,3,2,10
-12.0967221,-77.0237356,San Isidro,950,61,2,2,9
-12.2036033,-77.0149426,Chorrillos,427,63,3,1,10
-12.1264376,-76.98786520000002,Santiago de Surco,693,57,1,1,10
-12.1132,-77.00008,Surquillo,720,50,1,2,9
-12.0944084,-77.0498169,San Isidro,1520,115,2,3,9
-11.943097,-77.088288,San Martin de Porres,267,63,2,1,10
-12.130632157410371,-77.02618516981602,Miraflores,2299,217,2,3,10
-11.933586,-77.060764,Comas,514,123,3,2,5
-12.11248444,-77.03239515,Miraflores,1300,125,2,3,10
-11.93462712,-77.06420316,Comas,387,84,3,1,5
-12.105917,-76.97837,Santiago de Surco,1069,118,3,1,10
-12.125575,-77.033023,Miraflores,749,45,1,1,10
-12.1050407,-76.9742073,Santiago de Surco,1750,178,2,3,10
-12.1301301,-77.00667,Santiago de Surco,773,60,2,2,10
-12.105937,-77.02772,Miraflores,960,79,2,2,10
-12.00638115,-77.08444141,San Martin de Porres,413,109,3,1,10
-12.019258,-77.063282,San Martin de Porres,267,110,2,1,10
-11.9824899,-77.0859574,San Martin de Porres,227,65,2,1,10
-12.0741537,-77.0349582,Cercado de Lima,750,83,3,2,6
-11.9884254,-77.07688632,San Martin de Porres,227,45,1,1,10
-12.107819,-77.013023,Surquillo,1500,164,3,2,9
-12.098009,-76.945371,La Molina,850,121,3,3,10
-12.13968,-77.022796,Barranco,750,50,1,1,5
-12.049765,-77.06567,Cercado de Lima,533,66,3,2,6
-12.1300345,-76.971992,Santiago de Surco,773,140,2,3,10
-12.0956773,-77.0127862,San Isidro,900,63,1,1,9
-11.99841263,-77.05834374,Independencia,373,65,3,2,12
-12.08799677,-77.02661505,Lince,613,50,1,1,5
-12.07802981,-77.0276381,Cercado de Lima,520,45,1,1,6
-12.0970431,-77.03393710000002,San Isidro,747,50,1,1,9
-12.08995154,-77.01853393,La Victoria,747,83,3,2,2
-12.1115949,-77.0508033,Miraflores,2400,189,3,4,10
-12.138541,-77.0176274,Barranco,1000,50,1,1,5
-12.0887326,-77.0275983,Lince,667,47,1,1,5
-12.093732,-77.0266056,San Isidro,1000,45,1,1,9
-12.1270015,-77.0269713,Miraflores,901,56,1,1,10
-12.08966721,-77.04194828,San Isidro,1067,81,3,2,9
-11.9265408,-77.0597688,Comas,400,67,3,2,5
-12.078351,-77.030552,Cercado de Lima,533,58,2,2,6
-12.099583,-76.989881,San Borja,867,87,3,2,11
-12.1052917,-76.9762549,Santiago de Surco,700,70,2,2,10
-12.06391127,-77.10197963,San Miguel,613,90,3,2,8
-12.0552284,-76.97988787,El Agustino,400,65,3,2,8
-12.09422721,-77.06030763,Magdalena del Mar,950,59,2,2,8
-12.0858224,-77.0218217,La Victoria,400,86,3,2,2
-12.1564944,-76.987879,Santiago de Surco,453,73,2,1,10
-12.0943142,-77.04911369999999,San Isidro,600,45,1,1,9
-11.9737785,-77.0883901,San Martin de Porres,320,70,3,2,10
-12.12119853,-77.03902323,Miraflores,1300,110,3,2,10
-11.92586,-77.061201,Comas,384,70,3,2,5
-12.071934,-77.062443,Pueblo Libre,720,74,3,2,10
-12.092199,-77.029717,San Isidro,1280,109,2,2,9
-12.120359,-77.032846,Miraflores,1800,211,2,3,10
-12.1158902,-77.0357916,Miraflores,890,85,2,3,10
-12.11723,-77.039126,Miraflores,1100,100,3,1,10
-12.321877,-76.836709,Punta Hermosa,1425,108,3,2,4
-12.140365,-77.022547,Barranco,750,42,1,1,5
-12.0717143,-77.0553081,Pueblo Libre,427,90,3,2,10
-12.3382421,-76.819421,Punta Hermosa,1500,62,2,2,4
-12.10384324,-76.86923481,Pachacamac,213,125,3,2,9
-12.1046768,-77.0592303,San Isidro,2650,220,4,4,9
-12.130553,-77.0254431,Miraflores,1000,60,1,2,10
-12.0785744,-77.0354254,Cercado de Lima,480,52,1,2,6
-12.121086,-77.030312,Miraflores,667,40,1,1,10
-12.0751936,-76.9885673,Ate,507,75,3,2,12
-12.0301428,-76.9353201,Ate,427,120,3,2,12
-12.0867855,-77.0686439,Magdalena del Mar,853,454,3,2,8
-12.0742641,-77.0628765,Pueblo Libre,613,76,2,2,10
-12.1169693,-77.0311217,Miraflores,720,50,1,1,10
-12.11549145,-77.03895215,Miraflores,850,60,1,1,10
-12.13786,-77.021664,Barranco,1699,105,3,1,5
-11.9913901,-77.0735072,San Martin de Porres,453,100,3,2,10
-12.169868,-77.0214485,Chorrillos,587,90,3,2,10
-11.9326188,-77.0608143,Comas,347,75,3,2,5
-12.00836738,-77.07907423,San Martin de Porres,253,75,2,1,10
-11.9344787,-77.0645034,Comas,347,90,3,3,5
-12.1329785,-77.0211223,Miraflores,1067,79,2,2,10
-12.17613683,-77.01165296,Chorrillos,533,104,3,1,10
-12.081063,-77.05715,Jesus Maria,645,56,2,2,7
-12.079548,-77.0502254,Jesus Maria,880,95,3,3,7
-12.1160371,-76.9802169,Santiago de Surco,1100,102,3,2,10
-12.0965936,-77.0718242,Magdalena del Mar,613,54,2,2,8
-12.0821563,-77.0499138,Jesus Maria,667,42,1,1,7
-12.0968655,-77.0238732,San Isidro,800,45,1,1,9
-12.0914193,-77.0588528,Magdalena del Mar,760,42,1,1,8
-11.9751447,-77.08179721,San Martin de Porres,613,145,4,5,10
-12.1319243,-77.0073474,Santiago de Surco,747,61,2,2,10
-12.08429473,-77.04343278,Lince,480,42,1,1,5
-12.1172277,-77.0403777,Miraflores,1050,69,2,2,10
-12.3818228,-76.7844652,San Bartolo,800,66,3,2,9
-12.0955087,-77.0128064,San Isidro,893,57,2,2,9
-12.1274384,-77.0276583,Miraflores,826,62,2,2,10
-12.1900482,-77.0068129,Chorrillos,360,60,1,2,10
-12.0742935,-76.9136304,La Molina,613,70,2,1,10
-12.1189059,-77.0432222,Miraflores,560,70,1,1,10
-12.1245251,-77.0334102,Miraflores,1400,130,1,1,10
-12.0934014,-77.0264752,San Isidro,907,62,2,2,9
-12.1138902,-77.0477655,Miraflores,950,59,2,2,10
-12.116507,-76.9952877,Santiago de Surco,747,90,2,1,10
-12.089076,-77.054483,Jesus Maria,707,63,2,2,7
-12.0927473,-77.0582453,Magdalena del Mar,640,46,1,1,8
-12.1396801,-77.0227964,Barranco,667,50,1,1,5
-12.0943142,-77.04911369999999,San Isidro,750,55,1,1,9
-12.092644,-77.027013,San Isidro,900,46,1,1,9
-12.0811255,-77.0924929,San Miguel,800,70,2,2,8
-12.1185844,-77.03753,Miraflores,1733,160,3,2,10
-12.0317613,-77.0763452,San Martin de Porres,200,60,1,1,10
-12.1316526,-77.027638,Miraflores,800,100,2,2,10
-12.0694286,-77.0548101,Pueblo Libre,427,34,1,1,10
-12.119692,-77.01813,Miraflores,683,54,2,2,10
-12.0827304,-76.96818,La Molina,2187,230,3,5,10
-12.1131637,-76.933355,La Molina,333,65,1,1,10
-12.0926733,-77.0274512,San Isidro,800,47,1,1,9
-12.105939,-76.942277,La Molina,973,130,3,2,10
-12.129944,-77.023466,Miraflores,800,65,1,5,10
-12.0820795,-77.0499673,Jesus Maria,533,42,1,1,7
-12.098965,-77.042291,San Isidro,6900,537,4,4,9
-11.930674,-77.064215,Comas,235,50,3,1,5
-12.09005286,-77.01968111,La Victoria,640,57,2,2,2
-12.113714,-76.9772673,Santiago de Surco,907,104,4,1,10
-12.115205,-77.0433,Miraflores,2200,209,3,4,10
-12.0975516,-77.0711005,Magdalena del Mar,667,75,3,2,8
-11.9890777,-77.0967043,San Martin de Porres,293,70,2,1,10
-12.1202775,-77.00664,Surquillo,800,65,3,2,9
-12.1223825,-77.0354927,Miraflores,1493,152,3,3,10
-12.117167,-77.042549,Miraflores,693,73,2,1,10
-12.124876,-76.995538,Santiago de Surco,720,85,2,1,10
-12.0942013,-77.0278638,San Isidro,1300,100,2,2,9
-12.138498,-77.025499,Barranco,790,36,1,1,5
-12.123786,-77.02524,Miraflores,1350,120,3,1,10
-12.0911747,-77.024932,San Isidro,613,45,1,1,9
-11.9744449,-77.0958963,San Martin de Porres,213,80,2,1,10
-12.1379774,-77.0220526,Barranco,587,35,1,1,5
-12.079368,-77.104027,San Miguel,647,62,3,2,8
-12.130769,-77.020429,Miraflores,950,70,2,2,10
-12.0641436,-77.1039503,San Miguel,613,85,3,2,8
-12.030038,-76.963147,El Agustino,610,120,3,3,8
-12.0974067,-77.0007038,San Borja,2000,172,4,4,11
-12.05744,-77.0438986,Cercado de Lima,790,112,3,2,6
-12.1240033,-77.0260181,Miraflores,1100,105,3,2,10
-12.0862833,-77.0175832,La Victoria,587,38,1,2,2
-12.0179491,-76.9875247,San Juan de Lurigancho,400,75,2,2,8
-12.1156771,-77.037994,Miraflores,1250,90,1,2,10
-12.080687,-77.10751,San Miguel,640,90,3,2,8
-12.116415,-77.039843,Miraflores,1150,81,2,2,10
-12.068022,-77.047541,Jesus Maria,558,60,1,1,7
-12.0760209,-77.0997151,San Miguel,587,78,3,2,8
-12.0939805,-77.0577785,Magdalena del Mar,780,70,2,1,8
-11.8763123,-77.033058,Carabayllo,320,82,3,2,2
-12.0954098,-77.0416505,San Isidro,1467,170,4,4,9
-12.1266442,-77.0170088,Miraflores,480,35,1,1,10
-12.1087757,-77.0049957,Surquillo,667,71,2,1,9
-11.88950292,-77.03285075,Carabayllo,213,70,2,1,2
-12.3096092,-76.838624,Punta Hermosa,320,45,2,1,4
-12.094725,-76.9936473,San Borja,800,116,4,3,11
-12.0975237,-77.0201154,San Isidro,1200,108,3,2,9
-12.1183413,-77.0345966,Miraflores,750,74,2,2,10
-12.1063921,-77.0267994,Miraflores,522,39,1,1,10
-12.1132106,-77.038029,Miraflores,1300,142,3,4,10
-12.0890763,-77.0544828,Jesus Maria,800,155,4,2,7
-12.0969323,-77.0599848,Magdalena del Mar,640,50,1,2,8
-12.0407427,-76.9241813,Ate,320,60,2,1,12
-12.0768286,-77.0367375,Cercado de Lima,613,50,2,2,6
-12.130676,-77.031524,Miraflores,1800,160,3,1,10
-12.0964725,-77.0688354,Magdalena del Mar,640,84,3,2,8
-12.1304279,-77.0324893,Miraflores,4200,406,2,1,10
-12.131947574454252,-77.00544465333223,Santiago de Surco,933,126,2,2,10
-12.0757356,-77.0507258,Jesus Maria,480,40,1,1,7
-12.1614181,-76.9965857,Santiago de Surco,507,80,3,2,10
-12.07844,-77.065171,Pueblo Libre,640,75,3,2,10
-12.010048,-77.081344,San Martin de Porres,593,117,3,1,10
-12.0948736,-77.0512755,San Isidro,1450,154,3,2,9
-12.105157,-77.021482,Surquillo,735,60,2,2,9
-12.0948736,-77.0512755,San Isidro,1400,114,1,2,9
-12.094921,-77.022732,San Isidro,778,45,1,1,9
-12.096394,-77.030619,San Isidro,773,60,2,1,9
-12.1239516,-77.0007231,Santiago de Surco,400,30,1,1,10
-11.9695157,-77.0911017,San Martin de Porres,347,75,3,2,10
-12.1330209,-77.0032618,Santiago de Surco,960,108,3,3,10
-12.1359835,-77.0213594,Barranco,587,47,1,1,5
-12.3902021,-76.7799351,San Bartolo,880,81,2,2,9
-12.07251503,-77.06557325,Pueblo Libre,413,41,1,1,10
-11.98447773029254,-76.82250086878662,Lurigancho,240,59,3,2,9
-12.1138902,-77.0477655,Miraflores,900,59,2,2,10
-12.106031,-77.032989,Miraflores,1100,129,2,1,10
-12.1159652,-77.0454162,Miraflores,960,83,2,3,10
-12.12555,-77.027035,Miraflores,1500,120,2,1,10
-12.093732,-77.0266056,San Isidro,1200,62,2,2,9
-12.139504,-77.020527,Barranco,533,90,2,3,5
-11.995121,-77.0844134,San Martin de Porres,293,93,3,2,10
-12.0916646,-77.0339196,San Isidro,780,60,1,1,9
-12.086301,-77.049602,San Isidro,1090,112,3,2,9
-11.9826962,-76.8220288,Lurigancho,253,59,3,2,9
-12.0768632,-77.0495569,Jesus Maria,467,88,3,2,7
-12.0944324,-77.0536355,San Isidro,797,52,1,1,9
-12.0782715,-77.0640434,Pueblo Libre,507,50,2,1,10
-12.09006694,-77.01941369,La Victoria,773,79,2,2,2
-11.9882424,-77.0761242,San Martin de Porres,320,70,2,1,10
-12.10202,-77.019991,San Isidro,747,58,2,2,9
-12.097902,-77.02913,San Isidro,1000,44,1,1,9
-12.11900059,-77.02770943,Miraflores,813,59,2,2,10
-12.1265421,-77.0284763,Miraflores,587,65,1,1,10
-12.1209228,-76.9839763,Santiago de Surco,780,70,2,1,10
-12.136066,-77.026492,Miraflores,4200,436,3,1,10
-11.933568,-77.060875,Comas,320,75,3,2,5
-12.0915392,-77.0332043,San Isidro,720,43,1,1,9
-12.1155948,-77.0023864,Surquillo,640,60,2,2,9
-12.139655,-77.023086,Barranco,620,40,1,1,5
-12.0841,-77.055682,Jesus Maria,770,66,2,2,7
-12.0824947,-77.0506092,Jesus Maria,907,112,3,2,7
-12.17412,-77.02099,Chorrillos,510,116,2,1,10
-12.1089906,-76.9942409,San Borja,413,45,1,1,11
-12.1460153,-77.0224438,Barranco,1200,131,2,2,5
-12.0648431,-76.9548567,La Molina,221,15,1,1,10
-12.0709117,-76.9419144,La Molina,600,70,2,1,10
-12.0685077,-76.9639589,La Molina,500,40,1,1,10
-12.1126540902,-76.9340519368,La Molina,267,23,1,1,10
-12.061442046255776,-76.94577067541799,La Molina,587,56,2,2,10
-12.108266,-76.9405022,La Molina,480,60,2,1,10
-12.08622,-76.90733999999999,La Molina,588,90,1,2,10
-12.074294,-76.9583426,La Molina,693,80,2,1,10
-12.0675077,-76.9345157,La Molina,583,76,4,3,10
-12.0985318,-76.9462942,La Molina,850,80,3,1,10
-12.0993707,-76.9371709,La Molina,800,107,3,2,10
-12.099721561792125,-76.94291087276915,La Molina,853,105,3,3,10
-12.0975965,-76.925646,La Molina,879,112,3,2,10
-12.1102748,-76.9401663,La Molina,693,145,3,2,10
-12.0820196,-76.928234,La Molina,600,50,2,1,10
-12.063795700000002,-76.955452,La Molina,530,40,1,1,10
-12.089761515,-76.9020528202,La Molina,760,115,3,2,10
-12.1049332,-76.9374004,La Molina,533,80,3,1,10
-12.062888233837567,-76.94581511858317,La Molina,800,70,1,1,10
-12.1131731,-76.9413459,La Molina,667,94,3,2,10
-12.103758,-76.9333461,La Molina,853,180,4,3,10
-12.1049496564,-76.9373303884,La Molina,579,80,3,2,10
-12.1001202,-76.9405398,La Molina,631,80,3,2,10
-12.068581,-76.9420797,La Molina,293,30,2,1,10
-12.11186728128331,-76.94181050246408,La Molina,533,100,3,2,10
-12.0713552,-76.9417495,La Molina,427,76,2,1,10
-12.0652995,-76.9441045,La Molina,693,120,3,2,10
-12.104458,-76.943558,La Molina,360,50,1,1,10
-12.1119307,-76.9398857,La Molina,904,110,4,3,10
-12.068846263205868,-76.94214681301465,La Molina,400,77,2,2,10
-12.1043622,-76.9372231,La Molina,533,80,3,1,10
-12.114766,-76.9407781,La Molina,584,95,2,2,10
-12.102856040454729,-76.9426528667967,La Molina,510,64,2,1,10
-12.0709687,-76.9479322,La Molina,571,50,1,1,10
-12.066573860580744,-76.96333822698364,La Molina,941,96,3,2,10
-12.09675868553284,-76.92674377567137,La Molina,650,48,2,1,10
-12.0801718,-76.9185704,La Molina,2600,180,2,4,10
-12.068820839783,-76.94264881586138,La Molina,333,50,2,2,10
-12.1146568,-76.9380301,La Molina,1200,110,4,3,10
-12.083184,-76.9616273,Santiago de Surco,2800,405,4,4,10
-12.0830619,-76.96241570000001,Santiago de Surco,3500,256,3,3,10
-12.1037539,-76.97089,Santiago de Surco,1365,118,3,2,10
-12.0853855,-76.9726759,Santiago de Surco,2000,184,3,3,10
-12.1288053853,-76.9765626037,Santiago de Surco,1000,94,3,3,10
-12.125570589508762,-76.97356702327879,Santiago de Surco,840,120,3,3,10
-12.140743931065394,-77.0055092162663,Santiago de Surco,640,85,3,3,10
-12.1192168,-76.9864875,Santiago de Surco,1800,184,3,2,10
-12.1071085,-76.95799629999999,Santiago de Surco,1100,120,3,2,10
-12.1299209542,-76.9961461296,Santiago de Surco,800,70,1,1,10
-12.16637,-76.99082,Santiago de Surco,725,110,3,2,10
-12.11649,-76.9907151,Santiago de Surco,1160,104,1,1,10
-12.097544400000002,-76.97344149999999,Santiago de Surco,1650,140,3,3,10
-12.109609,-76.9635859,Santiago de Surco,823,110,3,3,10
-12.1029009,-76.9711219,Santiago de Surco,724,70,2,1,10
-12.0975444,-76.97344149999999,Santiago de Surco,1350,110,3,2,10
-12.0994409,-76.97378929999999,Santiago de Surco,2300,249,3,4,10
-12.1197163,-76.991024,Santiago de Surco,780,54,1,1,10
-12.112312421097048,-76.98536687160644,Santiago de Surco,1100,114,3,3,10
-12.1686222,-76.9925009,Santiago de Surco,477,74,3,2,10
-12.0920581,-76.96693429999999,Santiago de Surco,1400,205,3,2,10
-12.1233279,-76.9856077,Santiago de Surco,867,74,2,2,10
-12.109902299999998,-76.9885455,Santiago de Surco,3200,220,3,4,10
-12.11652830701983,-76.97924651744384,Santiago de Surco,2800,185,3,3,10
-12.083574922795917,-76.96744593344688,Santiago de Surco,2100,160,3,3,10
-12.1277098,-76.9739552,Santiago de Surco,1390,138,3,2,10
-12.1482159,-76.99607759999999,Santiago de Surco,570,90,3,2,10
-12.140581,-76.9823645,Santiago de Surco,640,80,3,1,10
-12.10588226428538,-76.9747816105896,Santiago de Surco,1700,145,3,2,10
-12.12485353700451,-76.98320741904905,Santiago de Surco,600,50,1,1,10
-12.129580667759376,-76.97335221404705,Santiago de Surco,2500,440,4,3,10
-12.1508786,-77.0054604,Santiago de Surco,585,70,2,2,10
-12.133362,-76.99716579999999,Santiago de Surco,726,85,2,2,10
-12.1088403,-76.9779522,Santiago de Surco,1064,147,3,3,10
-12.1159379,-76.9909891,Santiago de Surco,942,67,3,2,10
-12.119334,-76.9860679,Santiago de Surco,1790,203,3,4,10
-12.1236796,-76.9919559,Santiago de Surco,1650,200,2,3,10
-12.0989874,-76.9778903,Santiago de Surco,1300,123,3,2,10
-12.122978,-76.9856739,Santiago de Surco,680,50,1,1,10
-12.138097899999998,-76.9763454,Santiago de Surco,570,90,2,2,10
-12.1213696,-76.9880974,Santiago de Surco,841,98,3,2,10
-12.0896832,-76.96300939999999,Santiago de Surco,2750,251,3,3,10
-12.1052016,-76.9704333,Santiago de Surco,1300,140,3,3,10
-12.0820966,-76.9797732,Santiago de Surco,1467,156,3,3,10
-12.1096987,-76.9683527,Santiago de Surco,926,85,3,2,10
-12.0838161,-76.9769135,Santiago de Surco,1500,110,3,3,10
-12.1162101578,-76.981095954,Santiago de Surco,1200,137,3,2,10
-12.1363899,-76.9837938,Santiago de Surco,640,90,2,1,10
-12.116527724744438,-76.98219610807342,Santiago de Surco,1700,280,4,5,10
-12.1608373079,-76.993009778,Santiago de Surco,520,93,3,2,10
-12.162405116,-76.9887570619,Santiago de Surco,253,30,1,1,10
-12.1152172,-76.9837593,Santiago de Surco,585,70,1,1,10
-12.1440507,-76.9900473,Santiago de Surco,1150,130,1,4,10
-12.1295966,-76.9901804,Santiago de Surco,307,40,1,1,10
-12.1355532,-76.9980564,Santiago de Surco,261,35,1,1,10
-12.0334844,-77.0066194,Santiago de Surco,1200,144,3,3,10
-12.082803569219116,-76.96731271006469,Santiago de Surco,2550,230,3,4,10
-12.0990909,-76.977335,Santiago de Surco,800,103,3,3,10
-12.1160326,-76.9860559,Santiago de Surco,3000,290,3,3,10
-12.11179110015066,-76.97915269999999,Santiago de Surco,1070,110,2,2,10
-12.1336749,-77.01478709999999,Santiago de Surco,750,58,2,2,10
-12.1072917,-76.9887201,Santiago de Surco,3200,320,3,2,10
-12.111500222614287,-76.97046896983642,Santiago de Surco,1200,140,3,2,10
-12.1265877,-76.9850122,Santiago de Surco,1065,117,4,3,10
-12.1690635,-76.9912227,Santiago de Surco,533,105,3,3,10
-12.1178529,-76.98373579999999,Santiago de Surco,2200,250,3,4,10
-12.1303673,-77.0066988,Santiago de Surco,747,61,2,2,10
-12.1346296,-77.0072117,Santiago de Surco,1250,130,3,3,10
-12.1058814,-76.9747785,Santiago de Surco,1750,108,2,2,10
-12.1144799,-76.9847984,Santiago de Surco,3000,236,3,4,10
-12.1416502,-77.01087629999999,Santiago de Surco,650,69,3,2,10
-12.1665832,-76.9978584,Santiago de Surco,804,80,3,2,10
-12.1339824,-77.017084,Santiago de Surco,747,106,3,2,10
-12.1132003,-76.9824501,Santiago de Surco,1800,214,3,2,10
-12.1372348,-77.0046759,Santiago de Surco,850,90,2,3,10
-12.112767,-76.9859077,Santiago de Surco,1450,150,2,2,10
-12.0942486,-76.9738154,Santiago de Surco,827,65,2,1,10
-12.1484176,-76.9905242,Santiago de Surco,347,60,1,1,10
-12.0853364,-76.9617996,Santiago de Surco,1400,130,1,2,10
-12.1343232,-76.9922975,Santiago de Surco,348,42,1,1,10
-12.1342388,-77.0053303,Santiago de Surco,855,98,3,2,10
-12.1156652,-76.9911219,Santiago de Surco,828,65,3,2,10
-12.1127596,-76.9865324,Santiago de Surco,1200,78,2,2,10
-12.1669151,-76.9981131,Santiago de Surco,895,186,4,3,10
-12.1150353,-76.9824942,Santiago de Surco,2100,240,3,3,10
-12.1340861,-77.0125946,Santiago de Surco,500,80,3,1,10
-12.083254,-76.967911,Santiago de Surco,3500,230,3,4,10
-12.1061452,-76.9744323,Santiago de Surco,1500,90,2,3,10
-12.083691971702166,-76.97694234801025,Santiago de Surco,1500,120,3,3,10
-12.13497,-76.9898001,Santiago de Surco,850,130,3,2,10
-12.0826713,-76.9686499,Santiago de Surco,2900,215,3,4,10
-12.1070645,-76.9653932,Santiago de Surco,1000,112,3,3,10
-12.112166088240976,-76.97935770660708,Santiago de Surco,2800,315,3,3,10
-12.1149786,-76.9928132,Santiago de Surco,1400,135,2,2,10
-12.1127596,-76.9865324,Santiago de Surco,1100,84,2,4,10
-12.0840524,-76.9622145,Santiago de Surco,1500,230,3,3,10
-12.1395045,-77.0070082,Santiago de Surco,533,51,2,2,10
-12.1279772,-76.9859437,Santiago de Surco,700,110,4,3,10
-12.1304916,-76.9709102,Santiago de Surco,1370,170,3,2,10
-12.1343158,-77.00078049999999,Santiago de Surco,650,64,2,1,10
-12.1247588575,-76.9890208895,Santiago de Surco,667,95,2,2,10
-12.1416864,-77.0102759,Santiago de Surco,650,67,3,2,10
-12.134445799999998,-77.0061458,Santiago de Surco,790,91,3,2,10
-12.13064,-76.9846586,Santiago de Surco,613,72,2,1,10
-12.1087355,-76.9550469,Santiago de Surco,800,114,3,2,10
-12.1487749,-77.0037262,Santiago de Surco,640,77,3,2,10
-12.1430356,-77.0099224,Santiago de Surco,533,67,2,2,10
-12.1308445,-76.9704631,Santiago de Surco,1375,161,3,3,10
-12.1410883,-76.9907369,Santiago de Surco,1072,122,3,4,10
-12.1416971,-77.0072027,Santiago de Surco,746,74,3,2,10
-12.1120271,-76.9784667,Santiago de Surco,800,104,2,2,10
-12.0981205,-76.9718968,Santiago de Surco,937,58,1,2,10
-12.1226163,-76.9989125,Santiago de Surco,800,90,3,3,10
-12.1037539,-76.97089,Santiago de Surco,1020,90,3,2,10
-12.0942486,-76.9738154,Santiago de Surco,767,56,2,2,10
-12.1455475,-76.997593,Santiago de Surco,667,77,2,2,10
-12.1013216,-76.9709419,Santiago de Surco,880,43,1,1,10
-12.0982099,-76.9743623,Santiago de Surco,4300,202,1,1,10
-12.1610349,-76.989307,Santiago de Surco,427,75,3,2,10
-12.1335602,-76.9937928,Santiago de Surco,266,18,1,1,10
-12.1282634,-76.9850406,Santiago de Surco,1150,110,2,2,10
-12.122978,-76.9856739,Santiago de Surco,823,116,2,2,10
-12.1108857,-76.9785425,Santiago de Surco,741,57,2,2,10
-12.083264,-76.978978,Santiago de Surco,610,40,1,1,10
-12.0851279,-76.9617709,Santiago de Surco,8000,420,4,4,10
-12.1718158,-76.9914821,Santiago de Surco,400,80,2,2,10
-12.119748800000002,-76.9965613,Santiago de Surco,907,160,4,2,10
-12.1370364,-76.9890623,Santiago de Surco,640,62,3,1,10
-12.1431568,-77.0028805,Santiago de Surco,240,30,1,1,10
-12.1323757,-77.0010266,Santiago de Surco,1500,223,4,4,10
-12.1245117,-76.9722538,Santiago de Surco,587,50,1,1,10
-12.078317949151648,-76.95914620839847,Santiago de Surco,2400,195,2,2,10
-12.1437516,-76.98798889999999,Santiago de Surco,450,23,1,1,10
-12.15177507719723,-76.98661229924298,Santiago de Surco,600,90,3,1,10
-12.1145498,-76.9916466,Santiago de Surco,680,85,3,1,10
-12.1118551,-76.9702723,Santiago de Surco,667,80,3,2,10
-12.0789884,-76.9577866,Santiago de Surco,2500,290,3,2,10
-12.1040057,-76.9679454,Santiago de Surco,850,52,1,1,10
-12.1162022,-76.9778663,Santiago de Surco,933,120,3,2,10
-12.1152747,-76.9872213,Santiago de Surco,2800,200,3,5,10
-12.1160633,-76.9812247,Santiago de Surco,1200,140,3,2,10
-12.1118236,-76.98215019999999,Santiago de Surco,1500,197,3,3,10
-12.1563826,-76.9878105,Santiago de Surco,523,64,2,1,10
-12.1157757,-76.9755179,Santiago de Surco,1067,122,3,2,10
-12.1278766,-76.9969945,Santiago de Surco,730,80,2,1,10
-12.135086707406677,-77.01333904862288,Santiago de Surco,650,96,2,1,10
-12.0799823,-76.9606702,Santiago de Surco,2800,355,3,3,10
-12.1211396,-76.9795748,Santiago de Surco,1200,103,2,2,10
-12.1435593405,-77.0095397915,Santiago de Surco,608,75,3,2,10
-12.1070103,-76.9582071,Santiago de Surco,297,30,1,1,10
-12.1313061,-76.9824722,Santiago de Surco,347,35,1,1,10
-12.1465129,-76.9937328,Santiago de Surco,1800,184,3,2,10
-12.1668399,-76.9936136,Santiago de Surco,1600,102,3,2,10
-12.083258386049996,-76.9788845048935,Santiago de Surco,690,52,1,1,10
-12.1227357,-76.9811456,Santiago de Surco,1200,110,2,3,10
-12.078538758227552,-76.95964425338134,Santiago de Surco,1100,80,2,2,10
-12.1487205,-77.0058452,Santiago de Surco,507,100,3,2,10
-12.1098361,-76.9681975,Santiago de Surco,900,130,3,4,10
-12.1336749,-77.01478709999999,Santiago de Surco,810,63,1,1,10
-12.1336749,-77.01478709999999,Santiago de Surco,815,45,1,1,10
-12.1230948,-76.9752457,Santiago de Surco,900,95,3,2,10
-12.0973292,-77.0012127,San Borja,2000,172,4,3,11
-12.091021914296094,-77.02610256538696,San Borja,1050,62,2,2,11
-12.102440163897407,-76.99368553726082,San Borja,1300,120,3,1,11
-12.1048904,-76.9840229,San Borja,1050,110,3,2,11
-12.0899093,-76.9962706,San Borja,1200,110,3,3,11
-12.104963,-76.980991,San Borja,1500,126,2,2,11
-12.0926787,-76.9867214,San Borja,1100,124,3,2,11
-12.0996613,-76.9902998,San Borja,507,45,1,1,11
-12.1004168,-77.0018044,San Borja,620,50,1,1,11
-12.1055373,-76.9918137,San Borja,900,84,1,1,11
-12.1062055,-77.0103175,San Borja,1000,127,3,3,11
-12.0937857,-77.0046292,San Borja,750,57,1,1,11
-12.0853738,-76.9893646,San Borja,333,38,1,1,11
-12.1136829,-76.9923833,San Borja,900,63,2,2,11
-12.0918009,-76.9842064,San Borja,1150,124,2,2,11
-12.1056789,-76.9825809,San Borja,1400,180,3,3,11
-12.083243306539554,-76.98934490259397,San Borja,400,30,1,1,11
-12.1069443,-77.0086398,San Borja,933,95,3,2,11
-12.089098599464922,-76.99094700370483,San Borja,1550,196,4,4,11
-12.1069399,-76.9806092,San Borja,1400,132,3,2,11
-12.0852715,-76.9880228,San Borja,347,20,1,1,11
-12.1055787,-77.0008105,San Borja,587,65,2,1,11
-12.104527,-76.98128299999999,San Borja,3000,250,3,3,11
-12.094857047360144,-76.99746166658468,San Borja,1500,170,4,3,11
-12.0994517,-76.9804872,San Borja,1500,125,3,3,11
-12.095479737614824,-76.98637854655762,San Borja,1320,165,2,4,11
-12.108534727239237,-76.98667882698365,San Borja,2350,200,3,3,11
-12.1033978,-76.9802192,San Borja,1650,140,3,2,11
-12.0916647,-77.0021403,San Borja,1169,149,3,3,11
-12.102237,-77.0110994,San Borja,1300,125,4,4,11
-12.0890659,-76.9887309,San Borja,1800,144,3,3,11
-12.0940657,-76.9894335,San Borja,1050,106,3,3,11
-12.1108846,-76.9969321,San Borja,1150,157,3,4,11
-12.09525157017712,-76.99309851852418,San Borja,1400,120,3,2,11
-12.095511222488945,-76.98819968756902,San Borja,1015,82,3,2,11
-12.093526816199232,-76.99784134000708,San Borja,1300,130,3,2,11
-12.0824047,-76.99518719999999,San Borja,1070,140,3,2,11
-12.1055787,-77.0008105,San Borja,190,18,1,1,11
-12.1000994,-76.9700019,San Borja,1150,98,3,2,11
-12.093668975609209,-76.9938607728775,San Borja,1200,111,3,1,11
-12.0936275,-76.9860942,San Borja,1350,132,4,3,11
-12.1016946,-77.01119349999999,San Borja,2100,230,3,2,11
-12.1244709,-76.9708619,San Borja,1650,140,3,2,11
-12.1101349,-77.0085741,San Borja,510,55,1,1,11
-12.0938931,-76.986017,San Borja,950,145,3,3,11
-12.0873465,-76.9832344,San Borja,667,75,2,1,11
-12.1106036,-77.0042946,San Borja,613,90,3,1,11
-12.1004168,-77.0018044,San Borja,320,30,1,1,11
-12.0937982,-77.004786,San Borja,964,145,4,3,11
-12.0979273,-77.0020979,San Borja,507,40,1,1,11
-12.0977629,-77.008928,San Borja,987,138,3,2,11
-12.1007577,-77.00508769999999,San Borja,1350,130,4,3,11
-12.0906673,-76.9826076,San Borja,550,60,1,1,11
-12.0932036,-76.99672320000002,San Borja,950,123,3,2,11
-12.1012565,-76.9801791,San Borja,1147,160,3,2,11
-12.107462,-76.996841,San Borja,900,90,3,2,11
-12.0962756,-77.0079105,San Borja,667,97,2,2,11
-12.105065,-76.9800966,San Borja,1900,297,2,2,11
-12.088570448813522,-76.99081111757624,San Borja,920,100,3,2,11
-12.0884673,-77.00849219999999,San Borja,700,100,3,1,11
-12.0942275,-76.9820937,San Borja,267,20,1,1,11
-12.1073687,-77.0088774,San Borja,480,50,1,1,11
-12.1054242,-76.9910659,San Borja,1000,97,3,2,11
-12.10103055633144,-76.98949868531955,San Borja,650,74,2,2,11
-12.1000763,-76.9932627,San Borja,960,63,2,2,11
-12.095506,-77.00757500000002,San Borja,640,102,2,2,11
-12.099211,-77.0458191,San Isidro,2700,205,3,2,9
-12.093932099999998,-77.0456165,San Isidro,1500,150,3,3,9
-12.092991,-77.0360017,San Isidro,990,80,1,2,9
-12.097136643494704,-77.03231091037713,San Isidro,701,46,1,1,9
-12.0954897,-77.0368702,San Isidro,1800,97,2,2,9
-12.0911594,-77.0430398,San Isidro,1500,220,3,3,9
-12.094188,-77.0277763,San Isidro,1050,63,2,2,9
-12.0926157586,-77.0315098442,San Isidro,1100,110,3,3,9
-12.0906725,-77.0338242,San Isidro,1250,185,3,2,9
-12.096052356372232,-77.05518176691685,San Isidro,1000,68,2,2,9
-12.0942825,-77.04604580000002,San Isidro,900,66,1,2,9
-12.095405,-77.0301337,San Isidro,798,46,1,1,9
-12.1024503,-77.0583353,San Isidro,560,35,1,1,9
-12.0914939,-77.0330355,San Isidro,884,64,2,2,9
-12.0929456,-77.0523807,San Isidro,747,45,1,1,9
-12.0970075,-77.0340185,San Isidro,773,45,1,1,9
-12.093879499999998,-77.0428948,San Isidro,2028,166,2,2,9
-12.0905348,-77.0268391,San Isidro,1100,67,2,2,9
-12.1031194,-77.0384782,San Isidro,4800,313,4,3,9
-12.0932172,-77.0268861,San Isidro,933,60,2,2,9
-12.093094554039094,-77.02940905365068,San Isidro,1000,45,1,1,9
-12.1047374,-77.0384782,San Isidro,1200,55,2,2,9
-12.099447616407106,-77.04016685842362,San Isidro,2000,210,3,2,9
-12.0952464,-77.0417836,San Isidro,800,65,1,1,9
-12.1039842,-77.03919789999999,San Isidro,850,50,1,1,9
-12.0977792,-77.0233078,San Isidro,907,71,1,2,9
-12.0936786,-77.0327813,San Isidro,1450,134,3,3,9
-12.0962369,-77.0551942,San Isidro,960,61,2,2,9
-12.0947517,-77.03552979999999,San Isidro,1450,135,3,2,9
-12.0966531,-77.0239938,San Isidro,890,45,1,1,9
-12.1039691,-77.0515738,San Isidro,6500,311,3,3,9
-12.0938312,-77.0264806,San Isidro,1200,60,2,2,9
-12.0899783,-77.0500845,San Isidro,1800,150,2,2,9
-12.1016747816,-77.0175882661,San Isidro,714,44,1,1,9
-12.0930428,-77.03275529999999,San Isidro,885,63,2,2,9
-12.1015273,-77.0279074,San Isidro,1040,61,2,2,9
-12.092643699999998,-77.0270135,San Isidro,1150,66,2,2,9
-12.094601,-77.05191789999999,San Isidro,1300,115,1,2,9
-12.0973593,-77.0324006,San Isidro,722,47,1,1,9
-12.095384907838206,-77.05376495288564,San Isidro,900,72,1,2,9
-12.097902,-77.0291302,San Isidro,965,65,2,2,9
-12.0966919,-77.0503845,San Isidro,3500,250,3,3,9
-12.0906133,-77.0209497,San Isidro,667,35,1,1,9
-12.096548552324718,-77.04701468095092,San Isidro,1700,158,2,3,9
-12.1074008,-77.0445081,San Isidro,5000,270,3,3,9
-12.096517,-77.0287367,San Isidro,659,45,1,1,9
-12.096069,-77.05514079999999,San Isidro,620,40,1,1,9
-12.09617658754284,-77.05507439999998,San Isidro,547,50,1,1,9
-12.1000988,-77.0376477,San Isidro,1650,150,3,2,9
-12.1023132,-77.0583109,San Isidro,747,57,1,1,9
-12.102668297124987,-77.05159525767213,San Isidro,2800,151,3,2,9
-12.0942573,-77.04909839999999,San Isidro,750,64,1,1,9
-12.0921892,-77.0267112,San Isidro,1050,75,2,2,9
-12.1039619,-77.03912100000001,San Isidro,1650,100,2,2,9
-12.0931994,-77.0307026,San Isidro,1350,120,3,2,9
-12.1039619,-77.03912100000001,San Isidro,850,50,1,1,9
-12.092999818603849,-77.03280940370483,San Isidro,725,50,1,1,9
-12.0983623,-77.0477679,San Isidro,3000,217,3,3,9
-12.0954139,-77.0507686,San Isidro,1500,144,3,2,9
-12.1007226,-77.0530283,San Isidro,4000,400,4,4,9
-12.0940387,-77.0348856,San Isidro,1800,175,3,2,9
-12.09617658754284,-77.05507439999998,San Isidro,600,40,1,1,9
-12.0927514,-77.0276429,San Isidro,960,63,2,2,9
-12.0921993,-77.029717,San Isidro,1280,71,2,2,9
-12.0921906,-77.0363082,San Isidro,800,80,1,2,9
-12.097537847164736,-77.05723070206068,San Isidro,750,55,1,1,9
-12.1006154,-77.0380202,San Isidro,800,50,1,1,9
-12.1022165,-77.0306479,San Isidro,900,80,2,2,9
-12.1075671,-77.0482505,San Isidro,587,80,2,1,9
-12.09734,-77.014704,San Isidro,1250,135,3,3,9
-12.1022048,-77.03524639999999,San Isidro,5900,300,4,6,9
-12.0949539,-77.0233339,San Isidro,900,65,2,2,9
-12.1021547,-77.0455497,San Isidro,3500,310,3,3,9
-12.0913965,-77.0512239,San Isidro,1000,48,1,1,9
-12.093925414572324,-77.02731866270449,San Isidro,1200,60,2,2,9
-12.0942953,-77.0459161,San Isidro,780,45,1,2,9
-12.0981536,-77.028802,San Isidro,750,47,1,1,9
-12.1022847,-77.0164882,San Isidro,1450,149,3,2,9
-12.0932823,-77.0268244,San Isidro,933,64,2,2,9
-12.1026132,-77.04395410000001,San Isidro,8000,975,4,4,9
-12.1050187,-77.0378843,San Isidro,700,40,1,1,9
-12.0926687,-77.0274841,San Isidro,1050,65,2,2,9
-12.1016552,-77.0380284,San Isidro,1350,120,2,3,9
-12.1009404,-77.0305036,San Isidro,613,85,2,1,9
-12.1012259,-77.037736,San Isidro,1107,45,1,1,9
-12.0931021,-77.0266123,San Isidro,1100,68,2,2,9
-12.0984842833,-77.054359275,San Isidro,640,50,1,1,9
-12.0940746,-77.04381049999999,San Isidro,800,94,2,2,9
-12.0905575,-77.0409971,San Isidro,1000,105,3,4,9
-12.1039691,-77.0515738,San Isidro,4500,550,4,3,9
-12.0908718,-77.0477592,San Isidro,427,20,1,1,9
-12.099211,-77.0458191,San Isidro,2100,170,3,2,9
-12.0934672,-77.03930059999999,San Isidro,2280,260,3,3,9
-12.0958367,-77.0447285,San Isidro,800,90,1,2,9
-12.1044818,-77.0125025,San Isidro,2200,225,4,3,9
-12.0944786,-77.0359434,San Isidro,764,45,1,1,9
-12.1011903,-77.0546024,San Isidro,850,100,2,2,9
-12.092643699999998,-77.0270135,San Isidro,1200,77,1,1,9
-12.092178,-77.05012339999999,San Isidro,2490,160,3,3,9
-12.096079724071291,-77.03225118254957,San Isidro,920,65,2,2,9
-12.093072874303331,-77.03600712327881,San Isidro,990,80,1,2,9
-12.0931021,-77.0266123,San Isidro,1184,60,2,2,9
-12.0958391,-77.032019,San Isidro,900,46,1,1,9
-12.0927621,-77.02766129999999,San Isidro,950,45,1,1,9
-12.0975596,-77.0513746,San Isidro,2300,273,3,3,9
-12.092908404349169,-77.04914553809813,San Isidro,1600,157,3,2,9
-12.1008396,-77.0380926,San Isidro,1500,145,2,2,9
-12.109558435162096,-77.04314777724609,San Isidro,2600,160,3,2,9
-12.097862,-77.0212394,San Isidro,850,78,2,1,9
-12.0998602,-77.041563,San Isidro,2200,155,3,2,9
-12.1022048,-77.0352464,San Isidro,4800,345,4,4,9
-12.0937713,-77.02637279999999,San Isidro,1300,85,2,3,9
-12.0968105,-77.0239078,San Isidro,773,46,1,1,9
-12.096757069747172,-77.02443655236877,San Isidro,747,45,1,1,9
-12.1015441,-77.01769530000001,San Isidro,742,45,1,1,9
-12.0967616,-77.05757229999999,San Isidro,1150,94,2,2,9
-12.093666890360767,-77.02987774692781,San Isidro,2000,211,3,2,9
-12.104535881176202,-77.0387221869507,San Isidro,880,50,2,1,9
-12.0938968,-77.0395099,San Isidro,600,48,1,1,9
-12.1022673,-77.0572289,San Isidro,1000,108,2,1,9
-12.0987786,-77.0131679,San Isidro,693,60,2,1,9
-12.0936343,-77.0299648,San Isidro,1800,210,3,3,9
-12.1073182,-77.01421599999999,San Isidro,1000,108,3,2,9
-12.095307899999998,-77.0522638,San Isidro,2790,268,4,4,9
-12.0911009,-77.0310866,San Isidro,800,140,3,1,9
-12.0935713,-77.0435364,San Isidro,1100,81,1,1,9
-12.107998956177743,-77.03802099265977,San Isidro,1300,32,1,1,9
-12.0934782,-77.0494068,San Isidro,7000,557,7,7,9
-12.100532,-77.018233,San Isidro,1250,150,3,3,9
-12.1011903,-77.0546024,San Isidro,1000,97,2,1,9
