{
  "tolerancia_relativa": 0.001,
  "descripcion": "5 vectores fijos de X_test.csv; expected = expm1(RF.predict).",
  "casos": [
    {
      "rank_precio": "bajo",
      "row_index": 105,
      "total_poi_1km": 246.0,
      "input": [
        3.4339872044851463,
        1.0,
        0.6931471805599453,
        0.0,
        2.3978952727983707,
        0.0,
        -12.1102029,
        -77.00192650000001,
        1.5746807293672314,
        3.4339872044851463,
        2.8903717578961645,
        13.0,
        5.292802185859927,
        60.0,
        5.427589702252176,
        60.0,
        4.874433672915854,
        47.0,
        4.529368472571809,
        43.0,
        5.475626381518447,
        1.3862943611198906,
        6.2760794205102926,
        20.0,
        4.646312129319266,
        0.0,
        0.0,
        0.0,
        0.0,
        0.0,
        0.0,
        0.0,
        0.0,
        0.0,
        0.0,
        0.0,
        0.0,
        0.0,
        0.0,
        0.0,
        0.0,
        0.0,
        0.0,
        0.0,
        0.0,
        0.0,
        0.0,
        0.0,
        0.0,
        0.0,
        0.0,
        0.0,
        0.0,
        0.0,
        0.0,
        0.0,
        0.0,
        0.0,
        0.0,
        0.0,
        0.0,
        0.0,
        0.0,
        0.0,
        6.491532856219259,
        0.0,
        0.0,
        0.0,
        0.0,
        0.0,
        2.772588722239781,
        0.0,
        4.61512051684126,
        246.0
      ],
      "expected": 310.5873169457853
    },
    {
      "rank_precio": "bajo-medio",
      "row_index": 354,
      "total_poi_1km": 137.0,
      "input": [
        3.828641396489095,
        1.0,
        0.6931471805599453,
        0.6931471805599453,
        3.1354942159291497,
        14.0,
        -12.0943903,
        -76.9663763,
        2.2001196941875527,
        3.828641396489095,
        1.9459101490553132,
        7.0,
        5.61458689585173,
        18.0,
        4.994505912166372,
        31.0,
        3.856510295497887,
        20.0,
        5.80302430930585,
        19.0,
        5.1375615876686425,
        2.9444389791664403,
        5.653190688540141,
        24.0,
        5.637642672151656,
        1.0,
        0.0,
        0.0,
        1.0,
        1.0,
        0.0,
        0.0,
        1.0,
        1.0,
        1.0,
        1.0,
        1.0,
        0.0,
        1.0,
        0.0,
        1.0,
        0.0,
        0.0,
        0.0,
        0.0,
        0.0,
        1.0,
        0.0,
        1.0,
        1.0,
        0.0,
        0.0,
        0.0,
        0.0,
        0.0,
        1.0,
        0.0,
        0.0,
        0.0,
        0.0,
        0.0,
        0.0,
        1.0,
        0.0,
        6.823435796638254,
        0.0,
        0.0,
        0.0,
        0.0,
        1.0,
        3.1570004211501135,
        6.447305862541213,
        6.184148890937483,
        137.0
      ],
      "expected": 649.2455373097405
    },
    {
      "rank_precio": "medio",
      "row_index": 313,
      "total_poi_1km": 282.0,
      "input": [
        4.382026634673881,
        2.0,
        1.0986122886681098,
        0.0,
        1.0986122886681098,
        0.0,
        -12.09006694,
        -77.01941369,
        1.3315563250078506,
        3.7013019741124937,
        3.295836866004329,
        18.0,
        6.247849432201994,
        37.0,
        5.1029105702054265,
        51.0,
        4.695010889987881,
        44.0,
        3.919991175077323,
        60.0,
        4.999237249143887,
        2.70805020110221,
        5.689345426858432,
        58.0,
        5.513831890697755,
        0.0,
        0.0,
        0.0,
        0.0,
        0.0,
        0.0,
        0.0,
        0.0,
        0.0,
        0.0,
        0.0,
        0.0,
        0.0,
        0.0,
        0.0,
        0.0,
        0.0,
        0.0,
        0.0,
        0.0,
        0.0,
        0.0,
        0.0,
        0.0,
        0.0,
        0.0,
        0.0,
        0.0,
        0.0,
        0.0,
        0.0,
        0.0,
        0.0,
        0.0,
        0.0,
        0.0,
        0.0,
        0.0,
        0.0,
        6.545853633921515,
        1.0,
        0.0,
        0.0,
        0.0,
        1.0,
        3.3081069585961433,
        0.0,
        1.6094379124341005,
        282.0
      ],
      "expected": 815.0257338011992
    },
    {
      "rank_precio": "alto-medio",
      "row_index": 445,
      "total_poi_1km": 182.0,
      "input": [
        4.663439094112067,
        3.0,
        1.0986122886681098,
        0.0,
        3.713572066704308,
        9.0,
        -12.1083007,
        -77.041466,
        0.3365690413686918,
        3.58351893845611,
        3.5553480614894135,
        10.0,
        5.0632277442154265,
        24.0,
        5.187385805840755,
        30.0,
        6.11390339430056,
        24.0,
        5.2832037287379885,
        35.0,
        4.816241156068032,
        2.4849066497880004,
        4.366912996863833,
        48.0,
        4.21803603456465,
        1.0,
        1.0,
        1.0,
        1.0,
        1.0,
        0.0,
        0.0,
        0.0,
        1.0,
        1.0,
        1.0,
        0.0,
        0.0,
        0.0,
        0.0,
        0.0,
        0.0,
        0.0,
        0.0,
        0.0,
        0.0,
        1.0,
        0.0,
        0.0,
        0.0,
        0.0,
        0.0,
        0.0,
        0.0,
        0.0,
        0.0,
        0.0,
        0.0,
        0.0,
        0.0,
        0.0,
        0.0,
        0.0,
        0.0,
        7.066188162597264,
        0.0,
        0.0,
        0.0,
        1.0,
        0.0,
        3.58351893845611,
        6.852242569051878,
        7.378383712996715,
        182.0
      ],
      "expected": 1214.1673991634757
    },
    {
      "rank_precio": "alto",
      "row_index": 429,
      "total_poi_1km": 154.0,
      "input": [
        5.723585101952381,
        4.0,
        1.0986122886681098,
        0.6931471805599453,
        3.713572066704308,
        6.0,
        -12.1339242,
        -77.0242321,
        0.5343442859494524,
        4.347046915777855,
        3.258096538021482,
        13.0,
        6.182084906716632,
        17.0,
        6.0063531596017325,
        42.0,
        5.382198850528739,
        17.0,
        5.69035945432406,
        24.0,
        4.449685283147696,
        2.5649493574615367,
        4.872904620630176,
        29.0,
        4.86830338551846,
        1.0,
        0.0,
        0.0,
        0.0,
        0.0,
        0.0,
        0.0,
        0.0,
        1.0,
        0.0,
        0.0,
        0.0,
        1.0,
        0.0,
        0.0,
        0.0,
        0.0,
        0.0,
        0.0,
        0.0,
        0.0,
        1.0,
        1.0,
        0.0,
        0.0,
        0.0,
        1.0,
        0.0,
        0.0,
        0.0,
        0.0,
        0.0,
        0.0,
        0.0,
        0.0,
        0.0,
        0.0,
        1.0,
        0.0,
        7.066188162597264,
        0.0,
        0.0,
        0.0,
        0.0,
        1.0,
        4.631487494305465,
        7.5126175446745105,
        7.378383712996715,
        154.0
      ],
      "expected": 2750.645044187431
    }
  ]
}